city,forecast_date,run_time,run_type,pred_high,pred_low
seattle,2026-07-11 00:00:00,2026-07-11T16:30:07.118878+00:00,morning,83.0999984741211,66.19999694824219
los_angeles,2026-07-11 00:00:00,2026-07-11T16:30:07.118878+00:00,morning,85.5,72.4000015258789
miami,2026-07-11 00:00:00,2026-07-11T16:30:07.118878+00:00,morning,96.8000030517578,80.5999984741211
new_york,2026-07-11 00:00:00,2026-07-11T16:30:07.118878+00:00,morning,88.9000015258789,75.4000015258789
minneapolis,2026-07-11 00:00:00,2026-07-11T16:30:07.118878+00:00,morning,99.5,78.5999984741211
houston,2026-07-11 00:00:00,2026-07-11T16:30:07.118878+00:00,morning,103.5999984741211,84.4000015258789
denver,2026-07-11 00:00:00,2026-07-11T16:30:07.118878+00:00,morning,103.5,66.9000015258789
boston,2026-07-11 00:00:00,2026-07-11T16:30:07.118878+00:00,morning,89.69999694824219,72.19999694824219
chicago,2026-07-11 00:00:00,2026-07-11T16:30:07.118878+00:00,morning,89.69999694824219,75.5999984741211
dallas,2026-07-11 00:00:00,2026-07-11T16:30:07.118878+00:00,morning,103.1999969482422,84.19999694824219
philadelphia,2026-07-11 00:00:00,2026-07-11T16:30:07.118878+00:00,morning,92.8000030517578,77.19999694824219
san_francisco,2026-07-11 00:00:00,2026-07-11T16:30:07.118878+00:00,morning,81.5999984741211,64.0999984741211
las_vegas,2026-07-11 00:00:00,2026-07-11T16:30:07.118878+00:00,morning,114.1999969482422,89.0999984741211
oklahoma_city,2026-07-11 00:00:00,2026-07-11T16:30:07.118878+00:00,morning,105.6999969482422,78.0999984741211
austin,2026-07-11 00:00:00,2026-07-11T16:30:07.118878+00:00,morning,99.1999969482422,79.30000305175781
san_antonio,2026-07-11 00:00:00,2026-07-11T16:30:07.118878+00:00,morning,95.9000015258789,82.0
phoenix,2026-07-11 00:00:00,2026-07-11T16:30:07.118878+00:00,morning,114.5,91.5999984741211
new_orleans,2026-07-11 00:00:00,2026-07-11T16:30:07.118878+00:00,morning,100.8000030517578,81.5
atlanta,2026-07-11 00:00:00,2026-07-11T16:30:07.118878+00:00,morning,102.0,81.19999694824219
washington_dc,2026-07-11 00:00:00,2026-07-11T16:30:07.118878+00:00,morning,97.8000030517578,79.69999694824219
seattle,2026-07-11 00:00:00,2026-07-11T16:43:00.034742+00:00,midday,82.30000305175781,66.30000305175781
los_angeles,2026-07-11 00:00:00,2026-07-11T16:43:00.034742+00:00,midday,85.19999694824219,72.4000015258789
miami,2026-07-11 00:00:00,2026-07-11T16:43:00.034742+00:00,midday,97.0999984741211,80.5999984741211
new_york,2026-07-11 00:00:00,2026-07-11T16:43:00.034742+00:00,midday,88.9000015258789,75.5
minneapolis,2026-07-11 00:00:00,2026-07-11T16:43:00.034742+00:00,midday,99.9000015258789,78.5999984741211
houston,2026-07-11 00:00:00,2026-07-11T16:43:00.034742+00:00,midday,101.1999969482422,84.0999984741211
denver,2026-07-11 00:00:00,2026-07-11T16:43:00.034742+00:00,midday,102.9000015258789,66.9000015258789
boston,2026-07-11 00:00:00,2026-07-11T16:43:00.034742+00:00,midday,89.0,72.19999694824219
chicago,2026-07-11 00:00:00,2026-07-11T16:43:00.034742+00:00,midday,89.69999694824219,75.5999984741211
dallas,2026-07-11 00:00:00,2026-07-11T16:43:00.034742+00:00,midday,103.5999984741211,84.30000305175781
philadelphia,2026-07-11 00:00:00,2026-07-11T16:43:00.034742+00:00,midday,92.1999969482422,77.19999694824219
san_francisco,2026-07-11 00:00:00,2026-07-11T16:43:00.034742+00:00,midday,82.0,64.19999694824219
las_vegas,2026-07-11 00:00:00,2026-07-11T16:43:00.034742+00:00,midday,114.1999969482422,89.0999984741211
oklahoma_city,2026-07-11 00:00:00,2026-07-11T16:43:00.034742+00:00,midday,105.6999969482422,77.80000305175781
austin,2026-07-11 00:00:00,2026-07-11T16:43:00.034742+00:00,midday,96.1999969482422,79.0
san_antonio,2026-07-11 00:00:00,2026-07-11T16:43:00.034742+00:00,midday,93.5,80.5999984741211
phoenix,2026-07-11 00:00:00,2026-07-11T16:43:00.034742+00:00,midday,114.5,91.5999984741211
new_orleans,2026-07-11 00:00:00,2026-07-11T16:43:00.034742+00:00,midday,100.5999984741211,81.4000015258789
atlanta,2026-07-11 00:00:00,2026-07-11T16:43:00.034742+00:00,midday,101.0999984741211,80.9000015258789
washington_dc,2026-07-11 00:00:00,2026-07-11T16:43:00.034742+00:00,midday,99.1999969482422,80.19999694824219
seattle,2026-07-11 00:00:00,2026-07-11T17:55:04.259155+00:00,midday,83.19999694824219,66.0
los_angeles,2026-07-11 00:00:00,2026-07-11T17:55:04.259155+00:00,midday,85.5,72.0999984741211
miami,2026-07-11 00:00:00,2026-07-11T17:55:04.259155+00:00,midday,98.0,80.80000305175781
new_york,2026-07-11 00:00:00,2026-07-11T17:55:04.259155+00:00,midday,89.9000015258789,74.80000305175781
minneapolis,2026-07-11 00:00:00,2026-07-11T17:55:04.259155+00:00,midday,99.5999984741211,78.5
houston,2026-07-11 00:00:00,2026-07-11T17:55:04.259155+00:00,midday,100.9000015258789,83.30000305175781
denver,2026-07-11 00:00:00,2026-07-11T17:55:04.259155+00:00,midday,102.9000015258789,66.69999694824219
boston,2026-07-11 00:00:00,2026-07-11T17:55:04.259155+00:00,midday,88.0,71.9000015258789
chicago,2026-07-11 00:00:00,2026-07-11T17:55:04.259155+00:00,midday,89.69999694824219,75.5
dallas,2026-07-11 00:00:00,2026-07-11T17:55:04.259155+00:00,midday,103.1999969482422,84.0
philadelphia,2026-07-11 00:00:00,2026-07-11T17:55:04.259155+00:00,midday,91.5999984741211,77.0
san_francisco,2026-07-11 00:00:00,2026-07-11T17:55:04.259155+00:00,midday,82.0,63.79999923706055
las_vegas,2026-07-11 00:00:00,2026-07-11T17:55:04.259155+00:00,midday,114.1999969482422,89.0
oklahoma_city,2026-07-11 00:00:00,2026-07-11T17:55:04.259155+00:00,midday,105.6999969482422,78.19999694824219
austin,2026-07-11 00:00:00,2026-07-11T17:55:04.259155+00:00,midday,95.6999969482422,78.80000305175781
san_antonio,2026-07-11 00:00:00,2026-07-11T17:55:04.259155+00:00,midday,95.9000015258789,81.5
phoenix,2026-07-11 00:00:00,2026-07-11T17:55:04.259155+00:00,midday,114.5,91.5999984741211
new_orleans,2026-07-11 00:00:00,2026-07-11T17:55:04.259155+00:00,midday,99.8000030517578,80.9000015258789
atlanta,2026-07-11 00:00:00,2026-07-11T17:55:04.259155+00:00,midday,102.0,81.0
washington_dc,2026-07-11 00:00:00,2026-07-11T17:55:04.259155+00:00,midday,98.0999984741211,79.5999984741211
seattle,2026-07-12 00:00:00,2026-07-12T16:41:50.197272+00:00,midday,81.0,65.69999694824219
los_angeles,2026-07-12 00:00:00,2026-07-12T16:41:50.197272+00:00,midday,87.80000305175781,72.4000015258789
miami,2026-07-12 00:00:00,2026-07-12T16:41:50.197272+00:00,midday,100.4000015258789,85.30000305175781
new_york,2026-07-12 00:00:00,2026-07-12T16:41:50.197272+00:00,midday,92.3000030517578,73.0999984741211
minneapolis,2026-07-12 00:00:00,2026-07-12T16:41:50.197272+00:00,midday,101.5,80.5
houston,2026-07-12 00:00:00,2026-07-12T16:41:50.197272+00:00,midday,101.9000015258789,84.0999984741211
denver,2026-07-12 00:00:00,2026-07-12T16:41:50.197272+00:00,midday,103.3000030517578,68.5999984741211
boston,2026-07-12 00:00:00,2026-07-12T16:41:50.197272+00:00,midday,87.9000015258789,70.0
chicago,2026-07-12 00:00:00,2026-07-12T16:41:50.197272+00:00,midday,91.6999969482422,76.80000305175781
dallas,2026-07-12 00:00:00,2026-07-12T16:41:50.197272+00:00,midday,101.0999984741211,83.19999694824219
philadelphia,2026-07-12 00:00:00,2026-07-12T16:41:50.197272+00:00,midday,91.9000015258789,76.5999984741211
san_francisco,2026-07-12 00:00:00,2026-07-12T16:41:50.197272+00:00,midday,91.5999984741211,67.0999984741211
las_vegas,2026-07-12 00:00:00,2026-07-12T16:41:50.197272+00:00,midday,112.4000015258789,90.5
oklahoma_city,2026-07-12 00:00:00,2026-07-12T16:41:50.197272+00:00,midday,97.0999984741211,73.5
austin,2026-07-12 00:00:00,2026-07-12T16:41:50.197272+00:00,midday,102.9000015258789,80.0
san_antonio,2026-07-12 00:00:00,2026-07-12T16:41:50.197272+00:00,midday,101.0,83.0
phoenix,2026-07-12 00:00:00,2026-07-12T16:41:50.197272+00:00,midday,116.6999969482422,92.0999984741211
new_orleans,2026-07-12 00:00:00,2026-07-12T16:41:50.197272+00:00,midday,97.5999984741211,79.4000015258789
atlanta,2026-07-12 00:00:00,2026-07-12T16:41:50.197272+00:00,midday,97.8000030517578,79.69999694824219
washington_dc,2026-07-12 00:00:00,2026-07-12T16:41:50.197272+00:00,midday,96.5,80.4000015258789
seattle,2026-07-12 00:00:00,2026-07-12T17:58:37.855805+00:00,midday,81.0,65.80000305175781
los_angeles,2026-07-12 00:00:00,2026-07-12T17:58:37.855805+00:00,midday,87.0999984741211,72.0999984741211
miami,2026-07-12 00:00:00,2026-07-12T17:58:37.855805+00:00,midday,100.4000015258789,85.4000015258789
new_york,2026-07-12 00:00:00,2026-07-12T17:58:37.855805+00:00,midday,94.0999984741211,73.19999694824219
minneapolis,2026-07-12 00:00:00,2026-07-12T17:58:37.855805+00:00,midday,102.0,80.19999694824219
houston,2026-07-12 00:00:00,2026-07-12T17:58:37.855805+00:00,midday,102.6999969482422,84.19999694824219
denver,2026-07-12 00:00:00,2026-07-12T17:58:37.855805+00:00,midday,103.8000030517578,68.9000015258789
boston,2026-07-12 00:00:00,2026-07-12T17:58:37.855805+00:00,midday,87.9000015258789,70.0
chicago,2026-07-12 00:00:00,2026-07-12T17:58:37.855805+00:00,midday,91.4000015258789,76.80000305175781
dallas,2026-07-12 00:00:00,2026-07-12T17:58:37.855805+00:00,midday,100.0,81.9000015258789
philadelphia,2026-07-12 00:00:00,2026-07-12T17:58:37.855805+00:00,midday,91.9000015258789,76.5999984741211
san_francisco,2026-07-12 00:00:00,2026-07-12T17:58:37.855805+00:00,midday,90.8000030517578,67.0
las_vegas,2026-07-12 00:00:00,2026-07-12T17:58:37.855805+00:00,midday,112.4000015258789,90.5
oklahoma_city,2026-07-12 00:00:00,2026-07-12T17:58:37.855805+00:00,midday,96.3000030517578,73.4000015258789
austin,2026-07-12 00:00:00,2026-07-12T17:58:37.855805+00:00,midday,103.5,80.19999694824219
san_antonio,2026-07-12 00:00:00,2026-07-12T17:58:37.855805+00:00,midday,101.0,82.9000015258789
phoenix,2026-07-12 00:00:00,2026-07-12T17:58:37.855805+00:00,midday,116.1999969482422,90.8000030517578
new_orleans,2026-07-12 00:00:00,2026-07-12T17:58:37.855805+00:00,midday,98.4000015258789,79.5999984741211
atlanta,2026-07-12 00:00:00,2026-07-12T17:58:37.855805+00:00,midday,98.6999969482422,79.9000015258789
washington_dc,2026-07-12 00:00:00,2026-07-12T17:58:37.855805+00:00,midday,93.5,79.9000015258789
seattle,2026-07-13 00:00:00,2026-07-13T15:41:47.802353+00:00,midday,85.30000305175781,63.29999923706055
los_angeles,2026-07-13 00:00:00,2026-07-13T15:41:47.802353+00:00,midday,87.19999694824219,72.80000305175781
miami,2026-07-13 00:00:00,2026-07-13T15:41:47.802353+00:00,midday,100.4000015258789,84.4000015258789
new_york,2026-07-13 00:00:00,2026-07-13T15:41:47.802353+00:00,midday,91.0999984741211,73.4000015258789
minneapolis,2026-07-13 00:00:00,2026-07-13T15:41:47.802353+00:00,midday,103.4000015258789,79.69999694824219
houston,2026-07-13 00:00:00,2026-07-13T15:41:47.802353+00:00,midday,99.8000030517578,82.69999694824219
denver,2026-07-13 00:00:00,2026-07-13T15:41:47.802353+00:00,midday,104.0,70.4000015258789
boston,2026-07-13 00:00:00,2026-07-13T15:41:47.802353+00:00,midday,96.5,71.19999694824219
chicago,2026-07-13 00:00:00,2026-07-13T15:41:47.802353+00:00,midday,95.9000015258789,76.30000305175781
dallas,2026-07-13 00:00:00,2026-07-13T15:41:47.802353+00:00,midday,95.1999969482422,77.9000015258789
philadelphia,2026-07-13 00:00:00,2026-07-13T15:41:47.802353+00:00,midday,92.3000030517578,75.19999694824219
san_francisco,2026-07-13 00:00:00,2026-07-13T15:41:47.802353+00:00,midday,95.4000015258789,69.69999694824219
las_vegas,2026-07-13 00:00:00,2026-07-13T15:41:47.802353+00:00,midday,107.5,88.80000305175781
oklahoma_city,2026-07-13 00:00:00,2026-07-13T15:41:47.802353+00:00,midday,99.1999969482422,75.0999984741211
austin,2026-07-13 00:00:00,2026-07-13T15:41:47.802353+00:00,midday,103.0999984741211,80.5999984741211
san_antonio,2026-07-13 00:00:00,2026-07-13T15:41:47.802353+00:00,midday,104.0999984741211,84.0
phoenix,2026-07-13 00:00:00,2026-07-13T15:41:47.802353+00:00,midday,113.9000015258789,88.69999694824219
new_orleans,2026-07-13 00:00:00,2026-07-13T15:41:47.802353+00:00,midday,91.8000030517578,78.9000015258789
atlanta,2026-07-13 00:00:00,2026-07-13T15:41:47.802353+00:00,midday,91.9000015258789,78.4000015258789
washington_dc,2026-07-13 00:00:00,2026-07-13T15:41:47.802353+00:00,midday,98.1999969482422,76.0999984741211
seattle,2026-07-13 00:00:00,2026-07-13T16:20:41.961989+00:00,midday,85.30000305175781,63.400001525878906
los_angeles,2026-07-13 00:00:00,2026-07-13T16:20:41.961989+00:00,midday,86.5,73.0
miami,2026-07-13 00:00:00,2026-07-13T16:20:41.961989+00:00,midday,100.4000015258789,84.4000015258789
new_york,2026-07-13 00:00:00,2026-07-13T16:20:41.961989+00:00,midday,91.1999969482422,73.4000015258789
minneapolis,2026-07-13 00:00:00,2026-07-13T16:20:41.961989+00:00,midday,103.4000015258789,79.69999694824219
houston,2026-07-13 00:00:00,2026-07-13T16:20:41.961989+00:00,midday,97.1999969482422,81.4000015258789
denver,2026-07-13 00:00:00,2026-07-13T16:20:41.961989+00:00,midday,104.3000030517578,70.69999694824219
boston,2026-07-13 00:00:00,2026-07-13T16:20:41.961989+00:00,midday,96.0999984741211,71.19999694824219
chicago,2026-07-13 00:00:00,2026-07-13T16:20:41.961989+00:00,midday,95.6999969482422,76.4000015258789
dallas,2026-07-13 00:00:00,2026-07-13T16:20:41.961989+00:00,midday,91.1999969482422,77.80000305175781
philadelphia,2026-07-13 00:00:00,2026-07-13T16:20:41.961989+00:00,midday,93.1999969482422,75.19999694824219
san_francisco,2026-07-13 00:00:00,2026-07-13T16:20:41.961989+00:00,midday,94.0999984741211,69.30000305175781
las_vegas,2026-07-13 00:00:00,2026-07-13T16:20:41.961989+00:00,midday,107.5,88.80000305175781
oklahoma_city,2026-07-13 00:00:00,2026-07-13T16:20:41.961989+00:00,midday,99.1999969482422,75.0999984741211
austin,2026-07-13 00:00:00,2026-07-13T16:20:41.961989+00:00,midday,100.3000030517578,78.9000015258789
san_antonio,2026-07-13 00:00:00,2026-07-13T16:20:41.961989+00:00,midday,102.6999969482422,84.0
phoenix,2026-07-13 00:00:00,2026-07-13T16:20:41.961989+00:00,midday,113.9000015258789,88.69999694824219
new_orleans,2026-07-13 00:00:00,2026-07-13T16:20:41.961989+00:00,midday,91.9000015258789,78.4000015258789
atlanta,2026-07-13 00:00:00,2026-07-13T16:20:41.961989+00:00,midday,93.5,78.4000015258789
washington_dc,2026-07-13 00:00:00,2026-07-13T16:20:41.961989+00:00,midday,98.1999969482422,76.0999984741211
seattle,2026-07-13 00:00:00,2026-07-13T17:47:53.910692+00:00,midday,85.19999694824219,63.70000076293945
los_angeles,2026-07-13 00:00:00,2026-07-13T17:47:53.910692+00:00,midday,86.19999694824219,73.4000015258789
miami,2026-07-13 00:00:00,2026-07-13T17:47:53.910692+00:00,midday,100.8000030517578,85.0
new_york,2026-07-13 00:00:00,2026-07-13T17:47:53.910692+00:00,midday,91.1999969482422,73.30000305175781
minneapolis,2026-07-13 00:00:00,2026-07-13T17:47:53.910692+00:00,midday,103.3000030517578,79.19999694824219
houston,2026-07-13 00:00:00,2026-07-13T17:47:53.910692+00:00,midday,98.8000030517578,81.80000305175781
denver,2026-07-13 00:00:00,2026-07-13T17:47:53.910692+00:00,midday,104.0,70.69999694824219
boston,2026-07-13 00:00:00,2026-07-13T17:47:53.910692+00:00,midday,95.5999984741211,70.9000015258789
chicago,2026-07-13 00:00:00,2026-07-13T17:47:53.910692+00:00,midday,95.8000030517578,76.30000305175781
dallas,2026-07-13 00:00:00,2026-07-13T17:47:53.910692+00:00,midday,94.0,77.80000305175781
philadelphia,2026-07-13 00:00:00,2026-07-13T17:47:53.910692+00:00,midday,92.1999969482422,75.19999694824219
san_francisco,2026-07-13 00:00:00,2026-07-13T17:47:53.910692+00:00,midday,89.5,68.69999694824219
las_vegas,2026-07-13 00:00:00,2026-07-13T17:47:53.910692+00:00,midday,108.1999969482422,89.0
oklahoma_city,2026-07-13 00:00:00,2026-07-13T17:47:53.910692+00:00,midday,99.5999984741211,75.0999984741211
austin,2026-07-13 00:00:00,2026-07-13T17:47:53.910692+00:00,midday,102.5999984741211,80.4000015258789
san_antonio,2026-07-13 00:00:00,2026-07-13T17:47:53.910692+00:00,midday,102.9000015258789,84.0999984741211
phoenix,2026-07-13 00:00:00,2026-07-13T17:47:53.910692+00:00,midday,113.9000015258789,88.69999694824219
new_orleans,2026-07-13 00:00:00,2026-07-13T17:47:53.910692+00:00,midday,92.1999969482422,78.69999694824219
atlanta,2026-07-13 00:00:00,2026-07-13T17:47:53.910692+00:00,midday,93.1999969482422,78.4000015258789
washington_dc,2026-07-13 00:00:00,2026-07-13T17:47:53.910692+00:00,midday,97.9000015258789,76.0999984741211
seattle,2026-07-13 00:00:00,2026-07-13T18:43:52.313538+00:00,midday,85.30000305175781,63.79999923706055
los_angeles,2026-07-13 00:00:00,2026-07-13T18:43:52.313538+00:00,midday,87.0999984741211,73.4000015258789
miami,2026-07-13 00:00:00,2026-07-13T18:43:52.313538+00:00,midday,101.0999984741211,85.0999984741211
new_york,2026-07-13 00:00:00,2026-07-13T18:43:52.313538+00:00,midday,91.1999969482422,73.30000305175781
minneapolis,2026-07-13 00:00:00,2026-07-13T18:43:52.313538+00:00,midday,102.6999969482422,79.19999694824219
houston,2026-07-13 00:00:00,2026-07-13T18:43:52.313538+00:00,midday,96.5,81.4000015258789
denver,2026-07-13 00:00:00,2026-07-13T18:43:52.313538+00:00,midday,104.0,70.69999694824219
boston,2026-07-13 00:00:00,2026-07-13T18:43:52.313538+00:00,midday,95.5999984741211,70.9000015258789
chicago,2026-07-13 00:00:00,2026-07-13T18:43:52.313538+00:00,midday,94.5999984741211,76.19999694824219
dallas,2026-07-13 00:00:00,2026-07-13T18:43:52.313538+00:00,midday,93.8000030517578,77.69999694824219
philadelphia,2026-07-13 00:00:00,2026-07-13T18:43:52.313538+00:00,midday,92.6999969482422,75.19999694824219
san_francisco,2026-07-13 00:00:00,2026-07-13T18:43:52.313538+00:00,midday,92.4000015258789,69.0999984741211
las_vegas,2026-07-13 00:00:00,2026-07-13T18:43:52.313538+00:00,midday,109.1999969482422,89.19999694824219
oklahoma_city,2026-07-13 00:00:00,2026-07-13T18:43:52.313538+00:00,midday,99.1999969482422,75.0999984741211
austin,2026-07-13 00:00:00,2026-07-13T18:43:52.313538+00:00,midday,101.6999969482422,80.69999694824219
san_antonio,2026-07-13 00:00:00,2026-07-13T18:43:52.313538+00:00,midday,100.8000030517578,80.5999984741211
phoenix,2026-07-13 00:00:00,2026-07-13T18:43:52.313538+00:00,midday,113.9000015258789,88.69999694824219
new_orleans,2026-07-13 00:00:00,2026-07-13T18:43:52.313538+00:00,midday,93.3000030517578,78.9000015258789
atlanta,2026-07-13 00:00:00,2026-07-13T18:43:52.313538+00:00,midday,95.5,78.19999694824219
washington_dc,2026-07-13 00:00:00,2026-07-13T18:43:52.313538+00:00,midday,97.9000015258789,75.9000015258789
seattle,2026-07-14 00:00:00,2026-07-14T14:49:37.413659+00:00,morning,89.5,65.5999984741211
los_angeles,2026-07-14 00:00:00,2026-07-14T14:49:37.413659+00:00,morning,85.5,72.80000305175781
miami,2026-07-14 00:00:00,2026-07-14T14:49:37.413659+00:00,morning,101.0,84.19999694824219
new_york,2026-07-14 00:00:00,2026-07-14T14:49:37.413659+00:00,morning,103.1999969482422,76.5999984741211
minneapolis,2026-07-14 00:00:00,2026-07-14T14:49:37.413659+00:00,morning,104.4000015258789,79.5999984741211
houston,2026-07-14 00:00:00,2026-07-14T14:49:37.413659+00:00,morning,92.0,79.9000015258789
denver,2026-07-14 00:00:00,2026-07-14T14:49:37.413659+00:00,morning,102.5999984741211,70.4000015258789
boston,2026-07-14 00:00:00,2026-07-14T14:49:37.413659+00:00,morning,102.3000030517578,78.19999694824219
chicago,2026-07-14 00:00:00,2026-07-14T14:49:37.413659+00:00,morning,99.4000015258789,79.5999984741211
dallas,2026-07-14 00:00:00,2026-07-14T14:49:37.413659+00:00,morning,93.9000015258789,79.0
philadelphia,2026-07-14 00:00:00,2026-07-14T14:49:37.413659+00:00,morning,100.5,78.30000305175781
san_francisco,2026-07-14 00:00:00,2026-07-14T14:49:37.413659+00:00,morning,95.5,69.4000015258789
las_vegas,2026-07-14 00:00:00,2026-07-14T14:49:37.413659+00:00,morning,110.5999984741211,89.69999694824219
oklahoma_city,2026-07-14 00:00:00,2026-07-14T14:49:37.413659+00:00,morning,100.3000030517578,75.30000305175781
austin,2026-07-14 00:00:00,2026-07-14T14:49:37.413659+00:00,morning,89.69999694824219,77.5
san_antonio,2026-07-14 00:00:00,2026-07-14T14:49:37.413659+00:00,morning,92.8000030517578,78.9000015258789
phoenix,2026-07-14 00:00:00,2026-07-14T14:49:37.413659+00:00,morning,113.9000015258789,87.9000015258789
new_orleans,2026-07-14 00:00:00,2026-07-14T14:49:37.413659+00:00,morning,92.1999969482422,78.4000015258789
atlanta,2026-07-14 00:00:00,2026-07-14T14:49:37.413659+00:00,morning,88.5,76.9000015258789
washington_dc,2026-07-14 00:00:00,2026-07-14T14:49:37.413659+00:00,morning,102.8000030517578,79.80000305175781
seattle,2026-07-14 00:00:00,2026-07-14T15:16:09.224520+00:00,midday,89.5,65.5999984741211
los_angeles,2026-07-14 00:00:00,2026-07-14T15:16:09.224520+00:00,midday,85.5,72.80000305175781
miami,2026-07-14 00:00:00,2026-07-14T15:16:09.224520+00:00,midday,101.0,84.19999694824219
new_york,2026-07-14 00:00:00,2026-07-14T15:16:09.224520+00:00,midday,103.1999969482422,76.69999694824219
minneapolis,2026-07-14 00:00:00,2026-07-14T15:16:09.224520+00:00,midday,104.4000015258789,79.80000305175781
houston,2026-07-14 00:00:00,2026-07-14T15:16:09.224520+00:00,midday,92.0,80.0
denver,2026-07-14 00:00:00,2026-07-14T15:16:09.224520+00:00,midday,102.5999984741211,70.4000015258789
boston,2026-07-14 00:00:00,2026-07-14T15:16:09.224520+00:00,midday,102.3000030517578,78.19999694824219
chicago,2026-07-14 00:00:00,2026-07-14T15:16:09.224520+00:00,midday,99.4000015258789,79.5999984741211
dallas,2026-07-14 00:00:00,2026-07-14T15:16:09.224520+00:00,midday,93.9000015258789,79.0
philadelphia,2026-07-14 00:00:00,2026-07-14T15:16:09.224520+00:00,midday,100.5,78.30000305175781
san_francisco,2026-07-14 00:00:00,2026-07-14T15:16:09.224520+00:00,midday,95.5,69.4000015258789
las_vegas,2026-07-14 00:00:00,2026-07-14T15:16:09.224520+00:00,midday,110.5999984741211,89.69999694824219
oklahoma_city,2026-07-14 00:00:00,2026-07-14T15:16:09.224520+00:00,midday,100.3000030517578,75.30000305175781
austin,2026-07-14 00:00:00,2026-07-14T15:16:09.224520+00:00,midday,89.69999694824219,77.5
san_antonio,2026-07-14 00:00:00,2026-07-14T15:16:09.224520+00:00,midday,92.8000030517578,78.9000015258789
phoenix,2026-07-14 00:00:00,2026-07-14T15:16:09.224520+00:00,midday,113.9000015258789,87.9000015258789
new_orleans,2026-07-14 00:00:00,2026-07-14T15:16:09.224520+00:00,midday,92.1999969482422,78.4000015258789
atlanta,2026-07-14 00:00:00,2026-07-14T15:16:09.224520+00:00,midday,88.5,76.9000015258789
washington_dc,2026-07-14 00:00:00,2026-07-14T15:16:09.224520+00:00,midday,102.8000030517578,79.69999694824219
seattle,2026-07-14 00:00:00,2026-07-14T16:59:23.720647+00:00,midday,89.5,65.9000015258789
los_angeles,2026-07-14 00:00:00,2026-07-14T16:59:23.720647+00:00,midday,85.5,72.9000015258789
miami,2026-07-14 00:00:00,2026-07-14T16:59:23.720647+00:00,midday,100.6999969482422,84.19999694824219
new_york,2026-07-14 00:00:00,2026-07-14T16:59:23.720647+00:00,midday,102.9000015258789,76.69999694824219
minneapolis,2026-07-14 00:00:00,2026-07-14T16:59:23.720647+00:00,midday,104.4000015258789,80.0999984741211
houston,2026-07-14 00:00:00,2026-07-14T16:59:23.720647+00:00,midday,91.6999969482422,79.9000015258789
denver,2026-07-14 00:00:00,2026-07-14T16:59:23.720647+00:00,midday,102.9000015258789,70.5999984741211
boston,2026-07-14 00:00:00,2026-07-14T16:59:23.720647+00:00,midday,101.8000030517578,78.30000305175781
chicago,2026-07-14 00:00:00,2026-07-14T16:59:23.720647+00:00,midday,99.0999984741211,79.5
dallas,2026-07-14 00:00:00,2026-07-14T16:59:23.720647+00:00,midday,94.5,78.80000305175781
philadelphia,2026-07-14 00:00:00,2026-07-14T16:59:23.720647+00:00,midday,99.9000015258789,78.19999694824219
san_francisco,2026-07-14 00:00:00,2026-07-14T16:59:23.720647+00:00,midday,96.0999984741211,69.80000305175781
las_vegas,2026-07-14 00:00:00,2026-07-14T16:59:23.720647+00:00,midday,110.5999984741211,89.5999984741211
oklahoma_city,2026-07-14 00:00:00,2026-07-14T16:59:23.720647+00:00,midday,100.6999969482422,75.4000015258789
austin,2026-07-14 00:00:00,2026-07-14T16:59:23.720647+00:00,midday,91.5,76.4000015258789
san_antonio,2026-07-14 00:00:00,2026-07-14T16:59:23.720647+00:00,midday,89.19999694824219,79.0
phoenix,2026-07-14 00:00:00,2026-07-14T16:59:23.720647+00:00,midday,113.9000015258789,88.19999694824219
new_orleans,2026-07-14 00:00:00,2026-07-14T16:59:23.720647+00:00,midday,92.9000015258789,78.5999984741211
atlanta,2026-07-14 00:00:00,2026-07-14T16:59:23.720647+00:00,midday,91.8000030517578,77.0999984741211
washington_dc,2026-07-14 00:00:00,2026-07-14T16:59:23.720647+00:00,midday,101.8000030517578,79.5
seattle,2026-07-14 00:00:00,2026-07-14T18:03:19.465938+00:00,midday,89.69999694824219,66.30000305175781
los_angeles,2026-07-14 00:00:00,2026-07-14T18:03:19.465938+00:00,midday,85.9000015258789,72.9000015258789
miami,2026-07-14 00:00:00,2026-07-14T18:03:19.465938+00:00,midday,101.0999984741211,84.30000305175781
new_york,2026-07-14 00:00:00,2026-07-14T18:03:19.465938+00:00,midday,102.5,76.69999694824219
minneapolis,2026-07-14 00:00:00,2026-07-14T18:03:19.465938+00:00,midday,104.1999969482422,80.0999984741211
houston,2026-07-14 00:00:00,2026-07-14T18:03:19.465938+00:00,midday,92.0,79.9000015258789
denver,2026-07-14 00:00:00,2026-07-14T18:03:19.465938+00:00,midday,103.3000030517578,70.5999984741211
boston,2026-07-14 00:00:00,2026-07-14T18:03:19.465938+00:00,midday,101.5,78.30000305175781
chicago,2026-07-14 00:00:00,2026-07-14T18:03:19.465938+00:00,midday,98.6999969482422,79.5
dallas,2026-07-14 00:00:00,2026-07-14T18:03:19.465938+00:00,midday,94.4000015258789,79.5999984741211
philadelphia,2026-07-14 00:00:00,2026-07-14T18:03:19.465938+00:00,midday,99.9000015258789,78.19999694824219
san_francisco,2026-07-14 00:00:00,2026-07-14T18:03:19.465938+00:00,midday,93.3000030517578,69.0999984741211
las_vegas,2026-07-14 00:00:00,2026-07-14T18:03:19.465938+00:00,midday,110.5999984741211,89.5999984741211
oklahoma_city,2026-07-14 00:00:00,2026-07-14T18:03:19.465938+00:00,midday,101.4000015258789,75.4000015258789
austin,2026-07-14 00:00:00,2026-07-14T18:03:19.465938+00:00,midday,92.5999984741211,76.5
san_antonio,2026-07-14 00:00:00,2026-07-14T18:03:19.465938+00:00,midday,89.5999984741211,79.19999694824219
phoenix,2026-07-14 00:00:00,2026-07-14T18:03:19.465938+00:00,midday,113.9000015258789,88.19999694824219
new_orleans,2026-07-14 00:00:00,2026-07-14T18:03:19.465938+00:00,midday,89.9000015258789,78.30000305175781
atlanta,2026-07-14 00:00:00,2026-07-14T18:03:19.465938+00:00,midday,91.8000030517578,77.0999984741211
washington_dc,2026-07-14 00:00:00,2026-07-14T18:03:19.465938+00:00,midday,102.5,79.5
seattle,2026-07-15 00:00:00,2026-07-15T15:17:40.183242+00:00,midday,88.5,66.30000305175781
los_angeles,2026-07-15 00:00:00,2026-07-15T15:17:40.183242+00:00,midday,92.0999984741211,73.0999984741211
miami,2026-07-15 00:00:00,2026-07-15T15:17:40.183242+00:00,midday,101.1999969482422,84.4000015258789
new_york,2026-07-15 00:00:00,2026-07-15T15:17:40.183242+00:00,midday,109.0,82.30000305175781
minneapolis,2026-07-15 00:00:00,2026-07-15T15:17:40.183242+00:00,midday,104.8000030517578,81.80000305175781
houston,2026-07-15 00:00:00,2026-07-15T15:17:40.183242+00:00,midday,94.5,78.30000305175781
denver,2026-07-15 00:00:00,2026-07-15T15:17:40.183242+00:00,midday,101.1999969482422,70.0999984741211
boston,2026-07-15 00:00:00,2026-07-15T15:17:40.183242+00:00,midday,97.3000030517578,78.0
chicago,2026-07-15 00:00:00,2026-07-15T15:17:40.183242+00:00,midday,99.6999969482422,81.19999694824219
dallas,2026-07-15 00:00:00,2026-07-15T15:17:40.183242+00:00,midday,98.3000030517578,78.4000015258789
philadelphia,2026-07-15 00:00:00,2026-07-15T15:17:40.183242+00:00,midday,105.6999969482422,83.5
san_francisco,2026-07-15 00:00:00,2026-07-15T15:17:40.183242+00:00,midday,83.19999694824219,68.0
las_vegas,2026-07-15 00:00:00,2026-07-15T15:17:40.183242+00:00,midday,114.5999984741211,91.1999969482422
oklahoma_city,2026-07-15 00:00:00,2026-07-15T15:17:40.183242+00:00,midday,100.5999984741211,76.0
austin,2026-07-15 00:00:00,2026-07-15T15:17:40.183242+00:00,midday,87.19999694824219,77.69999694824219
san_antonio,2026-07-15 00:00:00,2026-07-15T15:17:40.183242+00:00,midday,89.0,79.69999694824219
phoenix,2026-07-15 00:00:00,2026-07-15T15:17:40.183242+00:00,midday,116.8000030517578,92.1999969482422
new_orleans,2026-07-15 00:00:00,2026-07-15T15:17:40.183242+00:00,midday,100.8000030517578,79.4000015258789
atlanta,2026-07-15 00:00:00,2026-07-15T15:17:40.183242+00:00,midday,98.9000015258789,78.9000015258789
washington_dc,2026-07-15 00:00:00,2026-07-15T15:17:40.183242+00:00,midday,108.4000015258789,83.9000015258789
seattle,2026-07-15 00:00:00,2026-07-15T17:01:43.558582+00:00,midday,89.19999694824219,66.80000305175781
los_angeles,2026-07-15 00:00:00,2026-07-15T17:01:43.558582+00:00,midday,94.8000030517578,73.80000305175781
miami,2026-07-15 00:00:00,2026-07-15T17:01:43.558582+00:00,midday,102.4000015258789,85.4000015258789
new_york,2026-07-15 00:00:00,2026-07-15T17:01:43.558582+00:00,midday,108.1999969482422,82.0
minneapolis,2026-07-15 00:00:00,2026-07-15T17:01:43.558582+00:00,midday,105.1999969482422,81.9000015258789
houston,2026-07-15 00:00:00,2026-07-15T17:01:43.558582+00:00,midday,92.4000015258789,80.19999694824219
denver,2026-07-15 00:00:00,2026-07-15T17:01:43.558582+00:00,midday,101.4000015258789,70.5999984741211
boston,2026-07-15 00:00:00,2026-07-15T17:01:43.558582+00:00,midday,97.9000015258789,77.9000015258789
chicago,2026-07-15 00:00:00,2026-07-15T17:01:43.558582+00:00,midday,99.0,81.0999984741211
dallas,2026-07-15 00:00:00,2026-07-15T17:01:43.558582+00:00,midday,98.5,78.5
philadelphia,2026-07-15 00:00:00,2026-07-15T17:01:43.558582+00:00,midday,105.1999969482422,83.19999694824219
san_francisco,2026-07-15 00:00:00,2026-07-15T17:01:43.558582+00:00,midday,83.30000305175781,68.0999984741211
las_vegas,2026-07-15 00:00:00,2026-07-15T17:01:43.558582+00:00,midday,114.5999984741211,91.1999969482422
oklahoma_city,2026-07-15 00:00:00,2026-07-15T17:01:43.558582+00:00,midday,99.6999969482422,75.5999984741211
austin,2026-07-15 00:00:00,2026-07-15T17:01:43.558582+00:00,midday,90.4000015258789,77.69999694824219
san_antonio,2026-07-15 00:00:00,2026-07-15T17:01:43.558582+00:00,midday,91.5,79.9000015258789
phoenix,2026-07-15 00:00:00,2026-07-15T17:01:43.558582+00:00,midday,116.0999984741211,89.30000305175781
new_orleans,2026-07-15 00:00:00,2026-07-15T17:01:43.558582+00:00,midday,101.0999984741211,79.4000015258789
atlanta,2026-07-15 00:00:00,2026-07-15T17:01:43.558582+00:00,midday,93.3000030517578,78.5
washington_dc,2026-07-15 00:00:00,2026-07-15T17:01:43.558582+00:00,midday,108.4000015258789,84.0
seattle,2026-07-15 00:00:00,2026-07-15T18:07:34.673910+00:00,midday,88.69999694824219,67.0
los_angeles,2026-07-15 00:00:00,2026-07-15T18:07:34.673910+00:00,midday,94.6999969482422,73.9000015258789
miami,2026-07-15 00:00:00,2026-07-15T18:07:34.673910+00:00,midday,102.4000015258789,84.69999694824219
new_york,2026-07-15 00:00:00,2026-07-15T18:07:34.673910+00:00,midday,107.5,81.4000015258789
minneapolis,2026-07-15 00:00:00,2026-07-15T18:07:34.673910+00:00,midday,105.5,81.9000015258789
houston,2026-07-15 00:00:00,2026-07-15T18:07:34.673910+00:00,midday,92.3000030517578,79.19999694824219
denver,2026-07-15 00:00:00,2026-07-15T18:07:34.673910+00:00,midday,101.0999984741211,70.5
boston,2026-07-15 00:00:00,2026-07-15T18:07:34.673910+00:00,midday,97.4000015258789,77.80000305175781
chicago,2026-07-15 00:00:00,2026-07-15T18:07:34.673910+00:00,midday,99.5,81.19999694824219
dallas,2026-07-15 00:00:00,2026-07-15T18:07:34.673910+00:00,midday,99.1999969482422,79.0999984741211
philadelphia,2026-07-15 00:00:00,2026-07-15T18:07:34.673910+00:00,midday,104.8000030517578,83.19999694824219
san_francisco,2026-07-15 00:00:00,2026-07-15T18:07:34.673910+00:00,midday,83.30000305175781,68.0999984741211
las_vegas,2026-07-15 00:00:00,2026-07-15T18:07:34.673910+00:00,midday,114.5999984741211,91.1999969482422
oklahoma_city,2026-07-15 00:00:00,2026-07-15T18:07:34.673910+00:00,midday,100.0999984741211,76.0
austin,2026-07-15 00:00:00,2026-07-15T18:07:34.673910+00:00,midday,91.8000030517578,77.80000305175781
san_antonio,2026-07-15 00:00:00,2026-07-15T18:07:34.673910+00:00,midday,91.8000030517578,79.80000305175781
phoenix,2026-07-15 00:00:00,2026-07-15T18:07:34.673910+00:00,midday,116.0999984741211,88.5
new_orleans,2026-07-15 00:00:00,2026-07-15T18:07:34.673910+00:00,midday,101.0999984741211,79.4000015258789
atlanta,2026-07-15 00:00:00,2026-07-15T18:07:34.673910+00:00,midday,95.6999969482422,78.5999984741211
washington_dc,2026-07-15 00:00:00,2026-07-15T18:07:34.673910+00:00,midday,107.8000030517578,83.80000305175781
seattle,2026-07-16 00:00:00,2026-07-16T15:00:45.185751+00:00,midday,81.80000305175781,66.5
los_angeles,2026-07-16 00:00:00,2026-07-16T15:00:45.185751+00:00,midday,94.5999984741211,74.5
miami,2026-07-16 00:00:00,2026-07-16T15:00:45.185751+00:00,midday,103.5999984741211,85.4000015258789
new_york,2026-07-16 00:00:00,2026-07-16T15:00:45.185751+00:00,midday,101.4000015258789,78.5
minneapolis,2026-07-16 00:00:00,2026-07-16T15:00:45.185751+00:00,midday,102.0,79.80000305175781
houston,2026-07-16 00:00:00,2026-07-16T15:00:45.185751+00:00,midday,101.9000015258789,84.0
denver,2026-07-16 00:00:00,2026-07-16T15:00:45.185751+00:00,midday,99.9000015258789,71.30000305175781
boston,2026-07-16 00:00:00,2026-07-16T15:00:45.185751+00:00,midday,97.0,72.9000015258789
chicago,2026-07-16 00:00:00,2026-07-16T15:00:45.185751+00:00,midday,94.4000015258789,79.30000305175781
dallas,2026-07-16 00:00:00,2026-07-16T15:00:45.185751+00:00,midday,96.8000030517578,79.19999694824219
philadelphia,2026-07-16 00:00:00,2026-07-16T15:00:45.185751+00:00,midday,103.4000015258789,82.80000305175781
san_francisco,2026-07-16 00:00:00,2026-07-16T15:00:45.185751+00:00,midday,78.80000305175781,66.30000305175781
las_vegas,2026-07-16 00:00:00,2026-07-16T15:00:45.185751+00:00,midday,112.4000015258789,90.5999984741211
oklahoma_city,2026-07-16 00:00:00,2026-07-16T15:00:45.185751+00:00,midday,93.9000015258789,73.0
austin,2026-07-16 00:00:00,2026-07-16T15:00:45.185751+00:00,midday,98.4000015258789,78.5
san_antonio,2026-07-16 00:00:00,2026-07-16T15:00:45.185751+00:00,midday,96.8000030517578,81.19999694824219
phoenix,2026-07-16 00:00:00,2026-07-16T15:00:45.185751+00:00,midday,114.0999984741211,90.9000015258789
new_orleans,2026-07-16 00:00:00,2026-07-16T15:00:45.185751+00:00,midday,102.5999984741211,81.9000015258789
atlanta,2026-07-16 00:00:00,2026-07-16T15:00:45.185751+00:00,midday,98.6999969482422,79.69999694824219
washington_dc,2026-07-16 00:00:00,2026-07-16T15:00:45.185751+00:00,midday,107.6999969482422,86.69999694824219
seattle,2026-07-16 00:00:00,2026-07-16T15:27:26.662261+00:00,midday,81.80000305175781,66.5
los_angeles,2026-07-16 00:00:00,2026-07-16T15:27:26.662261+00:00,midday,94.5999984741211,74.5
miami,2026-07-16 00:00:00,2026-07-16T15:27:26.662261+00:00,midday,103.5999984741211,85.4000015258789
new_york,2026-07-16 00:00:00,2026-07-16T15:27:26.662261+00:00,midday,101.4000015258789,78.5
minneapolis,2026-07-16 00:00:00,2026-07-16T15:27:26.662261+00:00,midday,102.0,80.0
houston,2026-07-16 00:00:00,2026-07-16T15:27:26.662261+00:00,midday,101.9000015258789,84.0
denver,2026-07-16 00:00:00,2026-07-16T15:27:26.662261+00:00,midday,99.9000015258789,71.4000015258789
boston,2026-07-16 00:00:00,2026-07-16T15:27:26.662261+00:00,midday,97.0,73.0
chicago,2026-07-16 00:00:00,2026-07-16T15:27:26.662261+00:00,midday,94.4000015258789,79.30000305175781
dallas,2026-07-16 00:00:00,2026-07-16T15:27:26.662261+00:00,midday,96.8000030517578,79.30000305175781
philadelphia,2026-07-16 00:00:00,2026-07-16T15:27:26.662261+00:00,midday,103.4000015258789,82.80000305175781
san_francisco,2026-07-16 00:00:00,2026-07-16T15:27:26.662261+00:00,midday,78.80000305175781,66.5
las_vegas,2026-07-16 00:00:00,2026-07-16T15:27:26.662261+00:00,midday,112.4000015258789,90.4000015258789
oklahoma_city,2026-07-16 00:00:00,2026-07-16T15:27:26.662261+00:00,midday,93.9000015258789,73.0999984741211
austin,2026-07-16 00:00:00,2026-07-16T15:27:26.662261+00:00,midday,98.4000015258789,78.4000015258789
san_antonio,2026-07-16 00:00:00,2026-07-16T15:27:26.662261+00:00,midday,96.8000030517578,81.30000305175781
phoenix,2026-07-16 00:00:00,2026-07-16T15:27:26.662261+00:00,midday,114.0999984741211,90.8000030517578
new_orleans,2026-07-16 00:00:00,2026-07-16T15:27:26.662261+00:00,midday,102.5999984741211,81.9000015258789
atlanta,2026-07-16 00:00:00,2026-07-16T15:27:26.662261+00:00,midday,98.6999969482422,79.69999694824219
washington_dc,2026-07-16 00:00:00,2026-07-16T15:27:26.662261+00:00,midday,107.6999969482422,86.69999694824219
seattle,2026-07-16 00:00:00,2026-07-16T16:59:53.437201+00:00,midday,83.5,66.5999984741211
los_angeles,2026-07-16 00:00:00,2026-07-16T16:59:53.437201+00:00,midday,95.6999969482422,75.0999984741211
miami,2026-07-16 00:00:00,2026-07-16T16:59:53.437201+00:00,midday,103.5999984741211,85.4000015258789
new_york,2026-07-16 00:00:00,2026-07-16T16:59:53.437201+00:00,midday,101.4000015258789,78.5
minneapolis,2026-07-16 00:00:00,2026-07-16T16:59:53.437201+00:00,midday,101.4000015258789,80.0
houston,2026-07-16 00:00:00,2026-07-16T16:59:53.437201+00:00,midday,102.4000015258789,84.0
denver,2026-07-16 00:00:00,2026-07-16T16:59:53.437201+00:00,midday,99.9000015258789,71.69999694824219
boston,2026-07-16 00:00:00,2026-07-16T16:59:53.437201+00:00,midday,96.8000030517578,72.9000015258789
chicago,2026-07-16 00:00:00,2026-07-16T16:59:53.437201+00:00,midday,95.0,79.30000305175781
dallas,2026-07-16 00:00:00,2026-07-16T16:59:53.437201+00:00,midday,97.6999969482422,79.69999694824219
philadelphia,2026-07-16 00:00:00,2026-07-16T16:59:53.437201+00:00,midday,103.0999984741211,82.80000305175781
san_francisco,2026-07-16 00:00:00,2026-07-16T16:59:53.437201+00:00,midday,79.4000015258789,66.80000305175781
las_vegas,2026-07-16 00:00:00,2026-07-16T16:59:53.437201+00:00,midday,112.4000015258789,90.5999984741211
oklahoma_city,2026-07-16 00:00:00,2026-07-16T16:59:53.437201+00:00,midday,97.4000015258789,73.30000305175781
austin,2026-07-16 00:00:00,2026-07-16T16:59:53.437201+00:00,midday,99.1999969482422,78.4000015258789
san_antonio,2026-07-16 00:00:00,2026-07-16T16:59:53.437201+00:00,midday,97.9000015258789,81.4000015258789
phoenix,2026-07-16 00:00:00,2026-07-16T16:59:53.437201+00:00,midday,112.0999984741211,88.9000015258789
new_orleans,2026-07-16 00:00:00,2026-07-16T16:59:53.437201+00:00,midday,103.5,82.0
atlanta,2026-07-16 00:00:00,2026-07-16T16:59:53.437201+00:00,midday,98.8000030517578,79.69999694824219
washington_dc,2026-07-16 00:00:00,2026-07-16T16:59:53.437201+00:00,midday,107.4000015258789,86.5999984741211
seattle,2026-07-16 00:00:00,2026-07-16T18:07:26.902052+00:00,midday,81.80000305175781,66.80000305175781
los_angeles,2026-07-16 00:00:00,2026-07-16T18:07:26.902052+00:00,midday,96.5,75.30000305175781
miami,2026-07-16 00:00:00,2026-07-16T18:07:26.902052+00:00,midday,103.5999984741211,85.4000015258789
new_york,2026-07-16 00:00:00,2026-07-16T18:07:26.902052+00:00,midday,99.0999984741211,77.9000015258789
minneapolis,2026-07-16 00:00:00,2026-07-16T18:07:26.902052+00:00,midday,102.0,80.0
houston,2026-07-16 00:00:00,2026-07-16T18:07:26.902052+00:00,midday,101.9000015258789,84.0
denver,2026-07-16 00:00:00,2026-07-16T18:07:26.902052+00:00,midday,99.8000030517578,71.5999984741211
boston,2026-07-16 00:00:00,2026-07-16T18:07:26.902052+00:00,midday,96.9000015258789,73.0
chicago,2026-07-16 00:00:00,2026-07-16T18:07:26.902052+00:00,midday,95.0,79.30000305175781
dallas,2026-07-16 00:00:00,2026-07-16T18:07:26.902052+00:00,midday,97.6999969482422,79.69999694824219
philadelphia,2026-07-16 00:00:00,2026-07-16T18:07:26.902052+00:00,midday,103.4000015258789,82.80000305175781
san_francisco,2026-07-16 00:00:00,2026-07-16T18:07:26.902052+00:00,midday,79.4000015258789,66.30000305175781
las_vegas,2026-07-16 00:00:00,2026-07-16T18:07:26.902052+00:00,midday,112.4000015258789,90.5999984741211
oklahoma_city,2026-07-16 00:00:00,2026-07-16T18:07:26.902052+00:00,midday,97.6999969482422,73.30000305175781
austin,2026-07-16 00:00:00,2026-07-16T18:07:26.902052+00:00,midday,98.6999969482422,78.5999984741211
san_antonio,2026-07-16 00:00:00,2026-07-16T18:07:26.902052+00:00,midday,97.5,81.4000015258789
phoenix,2026-07-16 00:00:00,2026-07-16T18:07:26.902052+00:00,midday,112.0999984741211,88.30000305175781
new_orleans,2026-07-16 00:00:00,2026-07-16T18:07:26.902052+00:00,midday,103.0999984741211,82.0
atlanta,2026-07-16 00:00:00,2026-07-16T18:07:26.902052+00:00,midday,100.0,79.9000015258789
washington_dc,2026-07-16 00:00:00,2026-07-16T18:07:26.902052+00:00,midday,107.4000015258789,86.5999984741211
seattle,2026-07-17 00:00:00,2026-07-17T14:43:13.296546+00:00,morning,81.0999984741211,65.80000305175781
los_angeles,2026-07-17 00:00:00,2026-07-17T14:43:13.296546+00:00,morning,90.1999969482422,74.4000015258789
miami,2026-07-17 00:00:00,2026-07-17T14:43:13.296546+00:00,morning,102.4000015258789,85.19999694824219
new_york,2026-07-17 00:00:00,2026-07-17T14:43:13.296546+00:00,morning,95.6999969482422,76.4000015258789
minneapolis,2026-07-17 00:00:00,2026-07-17T14:43:13.296546+00:00,morning,104.0,81.9000015258789
houston,2026-07-17 00:00:00,2026-07-17T14:43:13.296546+00:00,morning,104.3000030517578,84.5
denver,2026-07-17 00:00:00,2026-07-17T14:43:13.296546+00:00,morning,100.5,70.19999694824219
boston,2026-07-17 00:00:00,2026-07-17T14:43:13.296546+00:00,morning,93.5,70.9000015258789
chicago,2026-07-17 00:00:00,2026-07-17T14:43:13.296546+00:00,morning,102.9000015258789,81.69999694824219
dallas,2026-07-17 00:00:00,2026-07-17T14:43:13.296546+00:00,morning,100.8000030517578,81.4000015258789
philadelphia,2026-07-17 00:00:00,2026-07-17T14:43:13.296546+00:00,morning,97.6999969482422,80.0999984741211
san_francisco,2026-07-17 00:00:00,2026-07-17T14:43:13.296546+00:00,morning,76.5,64.0
las_vegas,2026-07-17 00:00:00,2026-07-17T14:43:13.296546+00:00,morning,106.5,86.9000015258789
oklahoma_city,2026-07-17 00:00:00,2026-07-17T14:43:13.296546+00:00,morning,96.5999984741211,74.80000305175781
austin,2026-07-17 00:00:00,2026-07-17T14:43:13.296546+00:00,morning,102.5999984741211,80.80000305175781
san_antonio,2026-07-17 00:00:00,2026-07-17T14:43:13.296546+00:00,morning,100.5999984741211,82.4000015258789
phoenix,2026-07-17 00:00:00,2026-07-17T14:43:13.296546+00:00,morning,105.4000015258789,83.4000015258789
new_orleans,2026-07-17 00:00:00,2026-07-17T14:43:13.296546+00:00,morning,104.5999984741211,82.80000305175781
atlanta,2026-07-17 00:00:00,2026-07-17T14:43:13.296546+00:00,morning,100.4000015258789,80.5
washington_dc,2026-07-17 00:00:00,2026-07-17T14:43:13.296546+00:00,morning,104.1999969482422,84.5
seattle,2026-07-17 00:00:00,2026-07-17T15:05:17.320811+00:00,midday,81.0999984741211,65.80000305175781
los_angeles,2026-07-17 00:00:00,2026-07-17T15:05:17.320811+00:00,midday,90.1999969482422,74.4000015258789
miami,2026-07-17 00:00:00,2026-07-17T15:05:17.320811+00:00,midday,102.4000015258789,85.19999694824219
new_york,2026-07-17 00:00:00,2026-07-17T15:05:17.320811+00:00,midday,95.6999969482422,76.4000015258789
minneapolis,2026-07-17 00:00:00,2026-07-17T15:05:17.320811+00:00,midday,104.0,82.0999984741211
houston,2026-07-17 00:00:00,2026-07-17T15:05:17.320811+00:00,midday,104.3000030517578,84.5
denver,2026-07-17 00:00:00,2026-07-17T15:05:17.320811+00:00,midday,100.5,70.5999984741211
boston,2026-07-17 00:00:00,2026-07-17T15:05:17.320811+00:00,midday,93.5,70.9000015258789
chicago,2026-07-17 00:00:00,2026-07-17T15:05:17.320811+00:00,midday,102.9000015258789,81.69999694824219
dallas,2026-07-17 00:00:00,2026-07-17T15:05:17.320811+00:00,midday,100.8000030517578,81.4000015258789
philadelphia,2026-07-17 00:00:00,2026-07-17T15:05:17.320811+00:00,midday,97.6999969482422,80.0999984741211
san_francisco,2026-07-17 00:00:00,2026-07-17T15:05:17.320811+00:00,midday,76.5,64.0
las_vegas,2026-07-17 00:00:00,2026-07-17T15:05:17.320811+00:00,midday,106.5,86.9000015258789
oklahoma_city,2026-07-17 00:00:00,2026-07-17T15:05:17.320811+00:00,midday,96.5999984741211,74.80000305175781
austin,2026-07-17 00:00:00,2026-07-17T15:05:17.320811+00:00,midday,102.5999984741211,80.80000305175781
san_antonio,2026-07-17 00:00:00,2026-07-17T15:05:17.320811+00:00,midday,100.5999984741211,82.4000015258789
phoenix,2026-07-17 00:00:00,2026-07-17T15:05:17.320811+00:00,midday,105.4000015258789,83.4000015258789
new_orleans,2026-07-17 00:00:00,2026-07-17T15:05:17.320811+00:00,midday,104.5999984741211,82.80000305175781
atlanta,2026-07-17 00:00:00,2026-07-17T15:05:17.320811+00:00,midday,100.4000015258789,80.5
washington_dc,2026-07-17 00:00:00,2026-07-17T15:05:17.320811+00:00,midday,104.1999969482422,84.30000305175781
seattle,2026-07-17 00:00:00,2026-07-17T16:56:27.906299+00:00,midday,81.19999694824219,66.0
los_angeles,2026-07-17 00:00:00,2026-07-17T16:56:27.906299+00:00,midday,92.8000030517578,74.69999694824219
miami,2026-07-17 00:00:00,2026-07-17T16:56:27.906299+00:00,midday,102.4000015258789,84.5999984741211
new_york,2026-07-17 00:00:00,2026-07-17T16:56:27.906299+00:00,midday,94.8000030517578,76.4000015258789
minneapolis,2026-07-17 00:00:00,2026-07-17T16:56:27.906299+00:00,midday,104.0,82.30000305175781
houston,2026-07-17 00:00:00,2026-07-17T16:56:27.906299+00:00,midday,104.0999984741211,83.5999984741211
denver,2026-07-17 00:00:00,2026-07-17T16:56:27.906299+00:00,midday,100.1999969482422,70.69999694824219
boston,2026-07-17 00:00:00,2026-07-17T16:56:27.906299+00:00,midday,93.0,70.80000305175781
chicago,2026-07-17 00:00:00,2026-07-17T16:56:27.906299+00:00,midday,101.5,81.5999984741211
dallas,2026-07-17 00:00:00,2026-07-17T16:56:27.906299+00:00,midday,99.6999969482422,81.5
philadelphia,2026-07-17 00:00:00,2026-07-17T16:56:27.906299+00:00,midday,96.6999969482422,79.80000305175781
san_francisco,2026-07-17 00:00:00,2026-07-17T16:56:27.906299+00:00,midday,76.5999984741211,64.0999984741211
las_vegas,2026-07-17 00:00:00,2026-07-17T16:56:27.906299+00:00,midday,106.5,86.0999984741211
oklahoma_city,2026-07-17 00:00:00,2026-07-17T16:56:27.906299+00:00,midday,97.5999984741211,75.0
austin,2026-07-17 00:00:00,2026-07-17T16:56:27.906299+00:00,midday,102.5999984741211,81.0
san_antonio,2026-07-17 00:00:00,2026-07-17T16:56:27.906299+00:00,midday,100.0999984741211,82.5
phoenix,2026-07-17 00:00:00,2026-07-17T16:56:27.906299+00:00,midday,106.5999984741211,84.0
new_orleans,2026-07-17 00:00:00,2026-07-17T16:56:27.906299+00:00,midday,104.5,82.80000305175781
atlanta,2026-07-17 00:00:00,2026-07-17T16:56:27.906299+00:00,midday,100.5999984741211,80.5
washington_dc,2026-07-17 00:00:00,2026-07-17T16:56:27.906299+00:00,midday,104.5,84.4000015258789
seattle,2026-07-17 00:00:00,2026-07-17T18:05:56.985621+00:00,midday,82.0,66.0
los_angeles,2026-07-17 00:00:00,2026-07-17T18:05:56.985621+00:00,midday,93.0,74.69999694824219
miami,2026-07-17 00:00:00,2026-07-17T18:05:56.985621+00:00,midday,101.9000015258789,84.30000305175781
new_york,2026-07-17 00:00:00,2026-07-17T18:05:56.985621+00:00,midday,96.3000030517578,76.4000015258789
minneapolis,2026-07-17 00:00:00,2026-07-17T18:05:56.985621+00:00,midday,104.0,82.30000305175781
houston,2026-07-17 00:00:00,2026-07-17T18:05:56.985621+00:00,midday,103.8000030517578,84.30000305175781
denver,2026-07-17 00:00:00,2026-07-17T18:05:56.985621+00:00,midday,100.6999969482422,71.0
boston,2026-07-17 00:00:00,2026-07-17T18:05:56.985621+00:00,midday,92.6999969482422,70.80000305175781
chicago,2026-07-17 00:00:00,2026-07-17T18:05:56.985621+00:00,midday,102.0999984741211,81.69999694824219
dallas,2026-07-17 00:00:00,2026-07-17T18:05:56.985621+00:00,midday,100.5,81.5999984741211
philadelphia,2026-07-17 00:00:00,2026-07-17T18:05:56.985621+00:00,midday,98.0,80.0999984741211
san_francisco,2026-07-17 00:00:00,2026-07-17T18:05:56.985621+00:00,midday,76.9000015258789,64.19999694824219
las_vegas,2026-07-17 00:00:00,2026-07-17T18:05:56.985621+00:00,midday,107.1999969482422,86.5
oklahoma_city,2026-07-17 00:00:00,2026-07-17T18:05:56.985621+00:00,midday,93.4000015258789,74.5999984741211
austin,2026-07-17 00:00:00,2026-07-17T18:05:56.985621+00:00,midday,102.8000030517578,80.9000015258789
san_antonio,2026-07-17 00:00:00,2026-07-17T18:05:56.985621+00:00,midday,100.5,82.5
phoenix,2026-07-17 00:00:00,2026-07-17T18:05:56.985621+00:00,midday,105.0,83.9000015258789
new_orleans,2026-07-17 00:00:00,2026-07-17T18:05:56.985621+00:00,midday,104.5,82.80000305175781
atlanta,2026-07-17 00:00:00,2026-07-17T18:05:56.985621+00:00,midday,100.5999984741211,80.5
washington_dc,2026-07-17 00:00:00,2026-07-17T18:05:56.985621+00:00,midday,104.0,84.4000015258789
seattle,2026-07-18 00:00:00,2026-07-18T16:41:29.898127+00:00,midday,84.19999694824219,67.19999694824219
los_angeles,2026-07-18 00:00:00,2026-07-18T16:41:29.898127+00:00,midday,89.0999984741211,73.0
miami,2026-07-18 00:00:00,2026-07-18T16:41:29.898127+00:00,midday,99.8000030517578,84.0
new_york,2026-07-18 00:00:00,2026-07-18T16:41:29.898127+00:00,midday,89.0999984741211,76.0999984741211
minneapolis,2026-07-18 00:00:00,2026-07-18T16:41:29.898127+00:00,midday,100.0999984741211,78.69999694824219
houston,2026-07-18 00:00:00,2026-07-18T16:41:29.898127+00:00,midday,105.6999969482422,85.0
denver,2026-07-18 00:00:00,2026-07-18T16:41:29.898127+00:00,midday,102.0,70.5999984741211
boston,2026-07-18 00:00:00,2026-07-18T16:41:29.898127+00:00,midday,93.0999984741211,69.9000015258789
chicago,2026-07-18 00:00:00,2026-07-18T16:41:29.898127+00:00,midday,95.5999984741211,78.4000015258789
dallas,2026-07-18 00:00:00,2026-07-18T16:41:29.898127+00:00,midday,102.9000015258789,83.0999984741211
philadelphia,2026-07-18 00:00:00,2026-07-18T16:41:29.898127+00:00,midday,99.4000015258789,78.5999984741211
san_francisco,2026-07-18 00:00:00,2026-07-18T16:41:29.898127+00:00,midday,79.69999694824219,66.0
las_vegas,2026-07-18 00:00:00,2026-07-18T16:41:29.898127+00:00,midday,107.9000015258789,86.0999984741211
oklahoma_city,2026-07-18 00:00:00,2026-07-18T16:41:29.898127+00:00,midday,99.8000030517578,76.0
austin,2026-07-18 00:00:00,2026-07-18T16:41:29.898127+00:00,midday,103.6999969482422,81.5999984741211
san_antonio,2026-07-18 00:00:00,2026-07-18T16:41:29.898127+00:00,midday,103.3000030517578,84.5999984741211
phoenix,2026-07-18 00:00:00,2026-07-18T16:41:29.898127+00:00,midday,108.9000015258789,87.69999694824219
new_orleans,2026-07-18 00:00:00,2026-07-18T16:41:29.898127+00:00,midday,105.0,83.5999984741211
atlanta,2026-07-18 00:00:00,2026-07-18T16:41:29.898127+00:00,midday,101.0999984741211,80.0
washington_dc,2026-07-18 00:00:00,2026-07-18T16:41:29.898127+00:00,midday,106.9000015258789,85.5999984741211
seattle,2026-07-18 00:00:00,2026-07-18T17:56:25.630537+00:00,midday,83.5,67.0999984741211
los_angeles,2026-07-18 00:00:00,2026-07-18T17:56:25.630537+00:00,midday,87.5,72.5999984741211
miami,2026-07-18 00:00:00,2026-07-18T17:56:25.630537+00:00,midday,98.9000015258789,83.69999694824219
new_york,2026-07-18 00:00:00,2026-07-18T17:56:25.630537+00:00,midday,89.19999694824219,76.0
minneapolis,2026-07-18 00:00:00,2026-07-18T17:56:25.630537+00:00,midday,99.6999969482422,78.5999984741211
houston,2026-07-18 00:00:00,2026-07-18T17:56:25.630537+00:00,midday,105.6999969482422,85.0
denver,2026-07-18 00:00:00,2026-07-18T17:56:25.630537+00:00,midday,101.4000015258789,70.80000305175781
boston,2026-07-18 00:00:00,2026-07-18T17:56:25.630537+00:00,midday,90.0,69.80000305175781
chicago,2026-07-18 00:00:00,2026-07-18T17:56:25.630537+00:00,midday,96.5,78.30000305175781
dallas,2026-07-18 00:00:00,2026-07-18T17:56:25.630537+00:00,midday,103.4000015258789,83.19999694824219
philadelphia,2026-07-18 00:00:00,2026-07-18T17:56:25.630537+00:00,midday,95.8000030517578,77.9000015258789
san_francisco,2026-07-18 00:00:00,2026-07-18T17:56:25.630537+00:00,midday,80.9000015258789,65.9000015258789
las_vegas,2026-07-18 00:00:00,2026-07-18T17:56:25.630537+00:00,midday,108.8000030517578,86.30000305175781
oklahoma_city,2026-07-18 00:00:00,2026-07-18T17:56:25.630537+00:00,midday,99.5,76.0
austin,2026-07-18 00:00:00,2026-07-18T17:56:25.630537+00:00,midday,103.6999969482422,81.5999984741211
san_antonio,2026-07-18 00:00:00,2026-07-18T17:56:25.630537+00:00,midday,103.3000030517578,84.5999984741211
phoenix,2026-07-18 00:00:00,2026-07-18T17:56:25.630537+00:00,midday,108.9000015258789,87.9000015258789
new_orleans,2026-07-18 00:00:00,2026-07-18T17:56:25.630537+00:00,midday,105.0,83.5999984741211
atlanta,2026-07-18 00:00:00,2026-07-18T17:56:25.630537+00:00,midday,100.5,79.5999984741211
washington_dc,2026-07-18 00:00:00,2026-07-18T17:56:25.630537+00:00,midday,105.5999984741211,85.0999984741211
seattle,2026-07-19 00:00:00,2026-07-19T14:24:03.388075+00:00,morning,84.19999694824219,65.0999984741211
los_angeles,2026-07-19 00:00:00,2026-07-19T14:24:03.388075+00:00,morning,85.5999984741211,72.30000305175781
miami,2026-07-19 00:00:00,2026-07-19T14:24:03.388075+00:00,morning,100.3000030517578,85.0
new_york,2026-07-19 00:00:00,2026-07-19T14:24:03.388075+00:00,morning,94.0999984741211,74.19999694824219
minneapolis,2026-07-19 00:00:00,2026-07-19T14:24:03.388075+00:00,morning,99.6999969482422,77.0999984741211
houston,2026-07-19 00:00:00,2026-07-19T14:24:03.388075+00:00,morning,104.6999969482422,84.19999694824219
denver,2026-07-19 00:00:00,2026-07-19T14:24:03.388075+00:00,morning,104.8000030517578,71.30000305175781
boston,2026-07-19 00:00:00,2026-07-19T14:24:03.388075+00:00,morning,90.0,72.69999694824219
chicago,2026-07-19 00:00:00,2026-07-19T14:24:03.388075+00:00,morning,89.5,75.80000305175781
dallas,2026-07-19 00:00:00,2026-07-19T14:24:03.388075+00:00,morning,103.0999984741211,83.69999694824219
philadelphia,2026-07-19 00:00:00,2026-07-19T14:24:03.388075+00:00,morning,91.6999969482422,76.9000015258789
san_francisco,2026-07-19 00:00:00,2026-07-19T14:24:03.388075+00:00,morning,77.9000015258789,64.9000015258789
las_vegas,2026-07-19 00:00:00,2026-07-19T14:24:03.388075+00:00,morning,112.0,90.5
oklahoma_city,2026-07-19 00:00:00,2026-07-19T14:24:03.388075+00:00,morning,104.0,76.5
austin,2026-07-19 00:00:00,2026-07-19T14:24:03.388075+00:00,morning,103.5999984741211,80.30000305175781
san_antonio,2026-07-19 00:00:00,2026-07-19T14:24:03.388075+00:00,morning,103.9000015258789,83.5
phoenix,2026-07-19 00:00:00,2026-07-19T14:24:03.388075+00:00,morning,110.8000030517578,89.0999984741211
new_orleans,2026-07-19 00:00:00,2026-07-19T14:24:03.388075+00:00,morning,105.4000015258789,83.0
atlanta,2026-07-19 00:00:00,2026-07-19T14:24:03.388075+00:00,morning,102.5999984741211,79.9000015258789
washington_dc,2026-07-19 00:00:00,2026-07-19T14:24:03.388075+00:00,morning,100.5999984741211,82.5999984741211
seattle,2026-07-19 00:00:00,2026-07-19T14:49:14.845370+00:00,morning,84.30000305175781,65.4000015258789
los_angeles,2026-07-19 00:00:00,2026-07-19T14:49:14.845370+00:00,morning,87.0,72.69999694824219
miami,2026-07-19 00:00:00,2026-07-19T14:49:14.845370+00:00,morning,100.3000030517578,84.9000015258789
new_york,2026-07-19 00:00:00,2026-07-19T14:49:14.845370+00:00,morning,93.6999969482422,74.0999984741211
minneapolis,2026-07-19 00:00:00,2026-07-19T14:49:14.845370+00:00,morning,99.5999984741211,77.0
houston,2026-07-19 00:00:00,2026-07-19T14:49:14.845370+00:00,morning,104.5999984741211,84.0999984741211
denver,2026-07-19 00:00:00,2026-07-19T14:49:14.845370+00:00,morning,104.8000030517578,71.19999694824219
boston,2026-07-19 00:00:00,2026-07-19T14:49:14.845370+00:00,morning,89.4000015258789,72.69999694824219
chicago,2026-07-19 00:00:00,2026-07-19T14:49:14.845370+00:00,morning,89.19999694824219,75.69999694824219
dallas,2026-07-19 00:00:00,2026-07-19T14:49:14.845370+00:00,morning,103.5,83.69999694824219
philadelphia,2026-07-19 00:00:00,2026-07-19T14:49:14.845370+00:00,morning,91.6999969482422,76.80000305175781
san_francisco,2026-07-19 00:00:00,2026-07-19T14:49:14.845370+00:00,morning,78.19999694824219,64.9000015258789
las_vegas,2026-07-19 00:00:00,2026-07-19T14:49:14.845370+00:00,morning,112.0,90.1999969482422
oklahoma_city,2026-07-19 00:00:00,2026-07-19T14:49:14.845370+00:00,morning,104.0,76.4000015258789
austin,2026-07-19 00:00:00,2026-07-19T14:49:14.845370+00:00,morning,103.5999984741211,80.0999984741211
san_antonio,2026-07-19 00:00:00,2026-07-19T14:49:14.845370+00:00,morning,104.0,83.30000305175781
phoenix,2026-07-19 00:00:00,2026-07-19T14:49:14.845370+00:00,morning,110.8000030517578,88.80000305175781
new_orleans,2026-07-19 00:00:00,2026-07-19T14:49:14.845370+00:00,morning,105.0,82.69999694824219
atlanta,2026-07-19 00:00:00,2026-07-19T14:49:14.845370+00:00,morning,99.9000015258789,79.4000015258789
washington_dc,2026-07-19 00:00:00,2026-07-19T14:49:14.845370+00:00,morning,100.6999969482422,82.5999984741211
seattle,2026-07-19 00:00:00,2026-07-19T16:41:31.558986+00:00,midday,84.0,65.4000015258789
los_angeles,2026-07-19 00:00:00,2026-07-19T16:41:31.558986+00:00,midday,85.80000305175781,73.0999984741211
miami,2026-07-19 00:00:00,2026-07-19T16:41:31.558986+00:00,midday,100.8000030517578,85.0
new_york,2026-07-19 00:00:00,2026-07-19T16:41:31.558986+00:00,midday,94.8000030517578,75.19999694824219
minneapolis,2026-07-19 00:00:00,2026-07-19T16:41:31.558986+00:00,midday,100.0,77.30000305175781
houston,2026-07-19 00:00:00,2026-07-19T16:41:31.558986+00:00,midday,105.0999984741211,84.5999984741211
denver,2026-07-19 00:00:00,2026-07-19T16:41:31.558986+00:00,midday,104.8000030517578,71.5999984741211
boston,2026-07-19 00:00:00,2026-07-19T16:41:31.558986+00:00,midday,89.0999984741211,72.69999694824219
chicago,2026-07-19 00:00:00,2026-07-19T16:41:31.558986+00:00,midday,89.0999984741211,75.80000305175781
dallas,2026-07-19 00:00:00,2026-07-19T16:41:31.558986+00:00,midday,104.0,84.4000015258789
philadelphia,2026-07-19 00:00:00,2026-07-19T16:41:31.558986+00:00,midday,91.6999969482422,76.80000305175781
san_francisco,2026-07-19 00:00:00,2026-07-19T16:41:31.558986+00:00,midday,79.69999694824219,65.19999694824219
las_vegas,2026-07-19 00:00:00,2026-07-19T16:41:31.558986+00:00,midday,112.0,90.5
oklahoma_city,2026-07-19 00:00:00,2026-07-19T16:41:31.558986+00:00,midday,104.0,76.9000015258789
austin,2026-07-19 00:00:00,2026-07-19T16:41:31.558986+00:00,midday,103.4000015258789,80.69999694824219
san_antonio,2026-07-19 00:00:00,2026-07-19T16:41:31.558986+00:00,midday,104.0,83.80000305175781
phoenix,2026-07-19 00:00:00,2026-07-19T16:41:31.558986+00:00,midday,110.8000030517578,89.19999694824219
new_orleans,2026-07-19 00:00:00,2026-07-19T16:41:31.558986+00:00,midday,104.5999984741211,83.0999984741211
atlanta,2026-07-19 00:00:00,2026-07-19T16:41:31.558986+00:00,midday,99.9000015258789,79.4000015258789
washington_dc,2026-07-19 00:00:00,2026-07-19T16:41:31.558986+00:00,midday,100.5999984741211,82.5999984741211
seattle,2026-07-19 00:00:00,2026-07-19T17:58:06.976645+00:00,midday,83.9000015258789,65.69999694824219
los_angeles,2026-07-19 00:00:00,2026-07-19T17:58:06.976645+00:00,midday,85.19999694824219,72.69999694824219
miami,2026-07-19 00:00:00,2026-07-19T17:58:06.976645+00:00,midday,100.5999984741211,85.0
new_york,2026-07-19 00:00:00,2026-07-19T17:58:06.976645+00:00,midday,94.4000015258789,74.69999694824219
minneapolis,2026-07-19 00:00:00,2026-07-19T17:58:06.976645+00:00,midday,99.6999969482422,77.19999694824219
houston,2026-07-19 00:00:00,2026-07-19T17:58:06.976645+00:00,midday,104.6999969482422,84.5
denver,2026-07-19 00:00:00,2026-07-19T17:58:06.976645+00:00,midday,104.8000030517578,71.5999984741211
boston,2026-07-19 00:00:00,2026-07-19T17:58:06.976645+00:00,midday,88.80000305175781,72.5
chicago,2026-07-19 00:00:00,2026-07-19T17:58:06.976645+00:00,midday,88.9000015258789,75.9000015258789
dallas,2026-07-19 00:00:00,2026-07-19T17:58:06.976645+00:00,midday,104.0,84.4000015258789
philadelphia,2026-07-19 00:00:00,2026-07-19T17:58:06.976645+00:00,midday,91.4000015258789,76.69999694824219
san_francisco,2026-07-19 00:00:00,2026-07-19T17:58:06.976645+00:00,midday,79.5,65.19999694824219
las_vegas,2026-07-19 00:00:00,2026-07-19T17:58:06.976645+00:00,midday,110.4000015258789,89.69999694824219
oklahoma_city,2026-07-19 00:00:00,2026-07-19T17:58:06.976645+00:00,midday,104.0,76.9000015258789
austin,2026-07-19 00:00:00,2026-07-19T17:58:06.976645+00:00,midday,104.0,80.80000305175781
san_antonio,2026-07-19 00:00:00,2026-07-19T17:58:06.976645+00:00,midday,104.3000030517578,83.80000305175781
phoenix,2026-07-19 00:00:00,2026-07-19T17:58:06.976645+00:00,midday,110.8000030517578,89.19999694824219
new_orleans,2026-07-19 00:00:00,2026-07-19T17:58:06.976645+00:00,midday,104.5999984741211,83.0999984741211
atlanta,2026-07-19 00:00:00,2026-07-19T17:58:06.976645+00:00,midday,99.0999984741211,79.30000305175781
washington_dc,2026-07-19 00:00:00,2026-07-19T17:58:06.976645+00:00,midday,100.4000015258789,82.5999984741211
seattle,2026-07-20 00:00:00,2026-07-20T15:11:37.930907+00:00,midday,91.5,66.80000305175781
los_angeles,2026-07-20 00:00:00,2026-07-20T15:11:37.930907+00:00,midday,88.0999984741211,73.5999984741211
miami,2026-07-20 00:00:00,2026-07-20T15:11:37.930907+00:00,midday,100.8000030517578,85.0999984741211
new_york,2026-07-20 00:00:00,2026-07-20T15:11:37.930907+00:00,midday,89.9000015258789,70.30000305175781
minneapolis,2026-07-20 00:00:00,2026-07-20T15:11:37.930907+00:00,midday,102.0,79.0999984741211
houston,2026-07-20 00:00:00,2026-07-20T15:11:37.930907+00:00,midday,104.5,83.9000015258789
denver,2026-07-20 00:00:00,2026-07-20T15:11:37.930907+00:00,midday,106.5,73.5
boston,2026-07-20 00:00:00,2026-07-20T15:11:37.930907+00:00,midday,92.6999969482422,68.5
chicago,2026-07-20 00:00:00,2026-07-20T15:11:37.930907+00:00,midday,98.1999969482422,75.80000305175781
dallas,2026-07-20 00:00:00,2026-07-20T15:11:37.930907+00:00,midday,105.5999984741211,84.9000015258789
philadelphia,2026-07-20 00:00:00,2026-07-20T15:11:37.930907+00:00,midday,91.4000015258789,72.5
san_francisco,2026-07-20 00:00:00,2026-07-20T15:11:37.930907+00:00,midday,79.5,65.9000015258789
las_vegas,2026-07-20 00:00:00,2026-07-20T15:11:37.930907+00:00,midday,112.0,90.5999984741211
oklahoma_city,2026-07-20 00:00:00,2026-07-20T15:11:37.930907+00:00,midday,106.5,79.0
austin,2026-07-20 00:00:00,2026-07-20T15:11:37.930907+00:00,midday,103.4000015258789,79.80000305175781
san_antonio,2026-07-20 00:00:00,2026-07-20T15:11:37.930907+00:00,midday,104.0,82.69999694824219
phoenix,2026-07-20 00:00:00,2026-07-20T15:11:37.930907+00:00,midday,113.1999969482422,86.9000015258789
new_orleans,2026-07-20 00:00:00,2026-07-20T15:11:37.930907+00:00,midday,105.1999969482422,84.5
atlanta,2026-07-20 00:00:00,2026-07-20T15:11:37.930907+00:00,midday,103.6999969482422,80.0999984741211
washington_dc,2026-07-20 00:00:00,2026-07-20T15:11:37.930907+00:00,midday,98.6999969482422,78.4000015258789
seattle,2026-07-20 00:00:00,2026-07-20T15:46:55.647669+00:00,midday,91.5,66.80000305175781
los_angeles,2026-07-20 00:00:00,2026-07-20T15:46:55.647669+00:00,midday,88.0999984741211,73.5999984741211
miami,2026-07-20 00:00:00,2026-07-20T15:46:55.647669+00:00,midday,100.8000030517578,85.0999984741211
new_york,2026-07-20 00:00:00,2026-07-20T15:46:55.647669+00:00,midday,89.9000015258789,70.30000305175781
minneapolis,2026-07-20 00:00:00,2026-07-20T15:46:55.647669+00:00,midday,102.0,79.0999984741211
houston,2026-07-20 00:00:00,2026-07-20T15:46:55.647669+00:00,midday,104.5,83.80000305175781
denver,2026-07-20 00:00:00,2026-07-20T15:46:55.647669+00:00,midday,106.5,73.4000015258789
boston,2026-07-20 00:00:00,2026-07-20T15:46:55.647669+00:00,midday,92.6999969482422,68.4000015258789
chicago,2026-07-20 00:00:00,2026-07-20T15:46:55.647669+00:00,midday,98.1999969482422,75.80000305175781
dallas,2026-07-20 00:00:00,2026-07-20T15:46:55.647669+00:00,midday,105.5999984741211,84.9000015258789
philadelphia,2026-07-20 00:00:00,2026-07-20T15:46:55.647669+00:00,midday,91.4000015258789,72.5999984741211
san_francisco,2026-07-20 00:00:00,2026-07-20T15:46:55.647669+00:00,midday,79.5,66.19999694824219
las_vegas,2026-07-20 00:00:00,2026-07-20T15:46:55.647669+00:00,midday,112.0,90.1999969482422
oklahoma_city,2026-07-20 00:00:00,2026-07-20T15:46:55.647669+00:00,midday,106.5,79.0999984741211
austin,2026-07-20 00:00:00,2026-07-20T15:46:55.647669+00:00,midday,103.4000015258789,79.9000015258789
san_antonio,2026-07-20 00:00:00,2026-07-20T15:46:55.647669+00:00,midday,104.0,82.80000305175781
phoenix,2026-07-20 00:00:00,2026-07-20T15:46:55.647669+00:00,midday,113.1999969482422,86.5
new_orleans,2026-07-20 00:00:00,2026-07-20T15:46:55.647669+00:00,midday,105.1999969482422,84.30000305175781
atlanta,2026-07-20 00:00:00,2026-07-20T15:46:55.647669+00:00,midday,103.6999969482422,80.0
washington_dc,2026-07-20 00:00:00,2026-07-20T15:46:55.647669+00:00,midday,98.8000030517578,78.4000015258789
seattle,2026-07-20 00:00:00,2026-07-20T17:14:04.222993+00:00,midday,90.6999969482422,66.9000015258789
los_angeles,2026-07-20 00:00:00,2026-07-20T17:14:04.222993+00:00,midday,90.0999984741211,73.9000015258789
miami,2026-07-20 00:00:00,2026-07-20T17:14:04.222993+00:00,midday,100.8000030517578,85.0999984741211
new_york,2026-07-20 00:00:00,2026-07-20T17:14:04.222993+00:00,midday,90.0999984741211,70.30000305175781
minneapolis,2026-07-20 00:00:00,2026-07-20T17:14:04.222993+00:00,midday,102.0,79.0999984741211
houston,2026-07-20 00:00:00,2026-07-20T17:14:04.222993+00:00,midday,104.1999969482422,84.0
denver,2026-07-20 00:00:00,2026-07-20T17:14:04.222993+00:00,midday,106.5,73.5
boston,2026-07-20 00:00:00,2026-07-20T17:14:04.222993+00:00,midday,92.1999969482422,68.4000015258789
chicago,2026-07-20 00:00:00,2026-07-20T17:14:04.222993+00:00,midday,96.5999984741211,75.5999984741211
dallas,2026-07-20 00:00:00,2026-07-20T17:14:04.222993+00:00,midday,105.5999984741211,85.0999984741211
philadelphia,2026-07-20 00:00:00,2026-07-20T17:14:04.222993+00:00,midday,91.9000015258789,72.5999984741211
san_francisco,2026-07-20 00:00:00,2026-07-20T17:14:04.222993+00:00,midday,84.19999694824219,66.30000305175781
las_vegas,2026-07-20 00:00:00,2026-07-20T17:14:04.222993+00:00,midday,112.0,90.5999984741211
oklahoma_city,2026-07-20 00:00:00,2026-07-20T17:14:04.222993+00:00,midday,106.5,79.19999694824219
austin,2026-07-20 00:00:00,2026-07-20T17:14:04.222993+00:00,midday,103.5999984741211,80.0
san_antonio,2026-07-20 00:00:00,2026-07-20T17:14:04.222993+00:00,midday,103.4000015258789,83.0999984741211
phoenix,2026-07-20 00:00:00,2026-07-20T17:14:04.222993+00:00,midday,113.5,88.69999694824219
new_orleans,2026-07-20 00:00:00,2026-07-20T17:14:04.222993+00:00,midday,105.1999969482422,84.5
atlanta,2026-07-20 00:00:00,2026-07-20T17:14:04.222993+00:00,midday,102.3000030517578,80.19999694824219
washington_dc,2026-07-20 00:00:00,2026-07-20T17:14:04.222993+00:00,midday,99.1999969482422,78.5
seattle,2026-07-20 00:00:00,2026-07-20T18:53:13.429804+00:00,midday,90.6999969482422,67.5
los_angeles,2026-07-20 00:00:00,2026-07-20T18:53:13.429804+00:00,midday,90.0999984741211,73.9000015258789
miami,2026-07-20 00:00:00,2026-07-20T18:53:13.429804+00:00,midday,101.0999984741211,85.0999984741211
new_york,2026-07-20 00:00:00,2026-07-20T18:53:13.429804+00:00,midday,90.0999984741211,70.19999694824219
minneapolis,2026-07-20 00:00:00,2026-07-20T18:53:13.429804+00:00,midday,102.0,79.0999984741211
houston,2026-07-20 00:00:00,2026-07-20T18:53:13.429804+00:00,midday,104.5,84.0
denver,2026-07-20 00:00:00,2026-07-20T18:53:13.429804+00:00,midday,106.1999969482422,73.0999984741211
boston,2026-07-20 00:00:00,2026-07-20T18:53:13.429804+00:00,midday,92.1999969482422,68.30000305175781
chicago,2026-07-20 00:00:00,2026-07-20T18:53:13.429804+00:00,midday,93.5999984741211,75.30000305175781
dallas,2026-07-20 00:00:00,2026-07-20T18:53:13.429804+00:00,midday,105.5999984741211,85.0999984741211
philadelphia,2026-07-20 00:00:00,2026-07-20T18:53:13.429804+00:00,midday,91.5,72.5999984741211
san_francisco,2026-07-20 00:00:00,2026-07-20T18:53:13.429804+00:00,midday,82.30000305175781,66.0
las_vegas,2026-07-20 00:00:00,2026-07-20T18:53:13.429804+00:00,midday,110.5,89.80000305175781
oklahoma_city,2026-07-20 00:00:00,2026-07-20T18:53:13.429804+00:00,midday,106.5,79.19999694824219
austin,2026-07-20 00:00:00,2026-07-20T18:53:13.429804+00:00,midday,104.0,80.0999984741211
san_antonio,2026-07-20 00:00:00,2026-07-20T18:53:13.429804+00:00,midday,104.0,83.0999984741211
phoenix,2026-07-20 00:00:00,2026-07-20T18:53:13.429804+00:00,midday,112.5,90.5
new_orleans,2026-07-20 00:00:00,2026-07-20T18:53:13.429804+00:00,midday,105.5999984741211,84.5
atlanta,2026-07-20 00:00:00,2026-07-20T18:53:13.429804+00:00,midday,100.8000030517578,79.9000015258789
washington_dc,2026-07-20 00:00:00,2026-07-20T18:53:13.429804+00:00,midday,98.6999969482422,78.5999984741211
seattle,2026-07-21 00:00:00,2026-07-21T15:03:37.747079+00:00,midday,96.5,70.69999694824219
los_angeles,2026-07-21 00:00:00,2026-07-21T15:03:37.747079+00:00,midday,88.0999984741211,74.30000305175781
miami,2026-07-21 00:00:00,2026-07-21T15:03:37.747079+00:00,midday,100.9000015258789,85.5
new_york,2026-07-21 00:00:00,2026-07-21T15:03:37.747079+00:00,midday,91.5999984741211,75.5
minneapolis,2026-07-21 00:00:00,2026-07-21T15:03:37.747079+00:00,midday,91.4000015258789,74.9000015258789
houston,2026-07-21 00:00:00,2026-07-21T15:03:37.747079+00:00,midday,105.9000015258789,84.5
denver,2026-07-21 00:00:00,2026-07-21T15:03:37.747079+00:00,midday,102.5999984741211,72.0999984741211
boston,2026-07-21 00:00:00,2026-07-21T15:03:37.747079+00:00,midday,90.8000030517578,69.9000015258789
chicago,2026-07-21 00:00:00,2026-07-21T15:03:37.747079+00:00,midday,97.5,74.5
dallas,2026-07-21 00:00:00,2026-07-21T15:03:37.747079+00:00,midday,109.0,86.0999984741211
philadelphia,2026-07-21 00:00:00,2026-07-21T15:03:37.747079+00:00,midday,96.6999969482422,78.5
san_francisco,2026-07-21 00:00:00,2026-07-21T15:03:37.747079+00:00,midday,96.0999984741211,70.0999984741211
las_vegas,2026-07-21 00:00:00,2026-07-21T15:03:37.747079+00:00,midday,107.4000015258789,89.0
oklahoma_city,2026-07-21 00:00:00,2026-07-21T15:03:37.747079+00:00,midday,110.9000015258789,82.80000305175781
austin,2026-07-21 00:00:00,2026-07-21T15:03:37.747079+00:00,midday,105.3000030517578,79.4000015258789
san_antonio,2026-07-21 00:00:00,2026-07-21T15:03:37.747079+00:00,midday,105.3000030517578,82.19999694824219
phoenix,2026-07-21 00:00:00,2026-07-21T15:03:37.747079+00:00,midday,109.6999969482422,86.9000015258789
new_orleans,2026-07-21 00:00:00,2026-07-21T15:03:37.747079+00:00,midday,104.3000030517578,84.69999694824219
atlanta,2026-07-21 00:00:00,2026-07-21T15:03:37.747079+00:00,midday,100.4000015258789,79.5999984741211
washington_dc,2026-07-21 00:00:00,2026-07-21T15:03:37.747079+00:00,midday,104.3000030517578,83.9000015258789
seattle,2026-07-21 00:00:00,2026-07-21T15:31:23.521535+00:00,midday,96.5,70.5999984741211
los_angeles,2026-07-21 00:00:00,2026-07-21T15:31:23.521535+00:00,midday,88.0999984741211,74.30000305175781
miami,2026-07-21 00:00:00,2026-07-21T15:31:23.521535+00:00,midday,100.9000015258789,85.5
new_york,2026-07-21 00:00:00,2026-07-21T15:31:23.521535+00:00,midday,91.5999984741211,75.5
minneapolis,2026-07-21 00:00:00,2026-07-21T15:31:23.521535+00:00,midday,91.4000015258789,74.9000015258789
houston,2026-07-21 00:00:00,2026-07-21T15:31:23.521535+00:00,midday,105.9000015258789,84.30000305175781
denver,2026-07-21 00:00:00,2026-07-21T15:31:23.521535+00:00,midday,102.5999984741211,72.0999984741211
boston,2026-07-21 00:00:00,2026-07-21T15:31:23.521535+00:00,midday,90.8000030517578,69.9000015258789
chicago,2026-07-21 00:00:00,2026-07-21T15:31:23.521535+00:00,midday,97.5999984741211,74.5
dallas,2026-07-21 00:00:00,2026-07-21T15:31:23.521535+00:00,midday,109.0,85.9000015258789
philadelphia,2026-07-21 00:00:00,2026-07-21T15:31:23.521535+00:00,midday,96.6999969482422,78.5
san_francisco,2026-07-21 00:00:00,2026-07-21T15:31:23.521535+00:00,midday,96.0999984741211,70.19999694824219
las_vegas,2026-07-21 00:00:00,2026-07-21T15:31:23.521535+00:00,midday,107.4000015258789,88.80000305175781
oklahoma_city,2026-07-21 00:00:00,2026-07-21T15:31:23.521535+00:00,midday,110.9000015258789,82.5
austin,2026-07-21 00:00:00,2026-07-21T15:31:23.521535+00:00,midday,105.3000030517578,79.80000305175781
san_antonio,2026-07-21 00:00:00,2026-07-21T15:31:23.521535+00:00,midday,105.3000030517578,82.5999984741211
phoenix,2026-07-21 00:00:00,2026-07-21T15:31:23.521535+00:00,midday,109.6999969482422,86.69999694824219
new_orleans,2026-07-21 00:00:00,2026-07-21T15:31:23.521535+00:00,midday,104.3000030517578,84.5
atlanta,2026-07-21 00:00:00,2026-07-21T15:31:23.521535+00:00,midday,100.4000015258789,79.5
washington_dc,2026-07-21 00:00:00,2026-07-21T15:31:23.521535+00:00,midday,104.3000030517578,83.69999694824219
seattle,2026-07-21 00:00:00,2026-07-21T17:04:54.353845+00:00,midday,95.9000015258789,70.5
los_angeles,2026-07-21 00:00:00,2026-07-21T17:04:54.353845+00:00,midday,90.0999984741211,74.5
miami,2026-07-21 00:00:00,2026-07-21T17:04:54.353845+00:00,midday,100.8000030517578,85.5
new_york,2026-07-21 00:00:00,2026-07-21T17:04:54.353845+00:00,midday,88.0,75.30000305175781
minneapolis,2026-07-21 00:00:00,2026-07-21T17:04:54.353845+00:00,midday,90.5,75.30000305175781
houston,2026-07-21 00:00:00,2026-07-21T17:04:54.353845+00:00,midday,105.5999984741211,84.5999984741211
denver,2026-07-21 00:00:00,2026-07-21T17:04:54.353845+00:00,midday,102.5999984741211,72.19999694824219
boston,2026-07-21 00:00:00,2026-07-21T17:04:54.353845+00:00,midday,89.19999694824219,69.80000305175781
chicago,2026-07-21 00:00:00,2026-07-21T17:04:54.353845+00:00,midday,97.5,74.4000015258789
dallas,2026-07-21 00:00:00,2026-07-21T17:04:54.353845+00:00,midday,107.8000030517578,86.0999984741211
philadelphia,2026-07-21 00:00:00,2026-07-21T17:04:54.353845+00:00,midday,95.8000030517578,78.4000015258789
san_francisco,2026-07-21 00:00:00,2026-07-21T17:04:54.353845+00:00,midday,97.0999984741211,71.0999984741211
las_vegas,2026-07-21 00:00:00,2026-07-21T17:04:54.353845+00:00,midday,106.4000015258789,88.5
oklahoma_city,2026-07-21 00:00:00,2026-07-21T17:04:54.353845+00:00,midday,110.9000015258789,82.9000015258789
austin,2026-07-21 00:00:00,2026-07-21T17:04:54.353845+00:00,midday,104.8000030517578,79.69999694824219
san_antonio,2026-07-21 00:00:00,2026-07-21T17:04:54.353845+00:00,midday,104.9000015258789,82.69999694824219
phoenix,2026-07-21 00:00:00,2026-07-21T17:04:54.353845+00:00,midday,109.6999969482422,86.9000015258789
new_orleans,2026-07-21 00:00:00,2026-07-21T17:04:54.353845+00:00,midday,104.6999969482422,84.80000305175781
atlanta,2026-07-21 00:00:00,2026-07-21T17:04:54.353845+00:00,midday,101.1999969482422,79.9000015258789
washington_dc,2026-07-21 00:00:00,2026-07-21T17:04:54.353845+00:00,midday,99.5999984741211,80.0999984741211
seattle,2026-07-21 00:00:00,2026-07-21T18:16:39.190838+00:00,midday,96.5,71.0999984741211
los_angeles,2026-07-21 00:00:00,2026-07-21T18:16:39.190838+00:00,midday,90.3000030517578,74.5
miami,2026-07-21 00:00:00,2026-07-21T18:16:39.190838+00:00,midday,100.5,85.30000305175781
new_york,2026-07-21 00:00:00,2026-07-21T18:16:39.190838+00:00,midday,89.30000305175781,75.30000305175781
minneapolis,2026-07-21 00:00:00,2026-07-21T18:16:39.190838+00:00,midday,90.0999984741211,75.19999694824219
houston,2026-07-21 00:00:00,2026-07-21T18:16:39.190838+00:00,midday,105.9000015258789,84.5999984741211
denver,2026-07-21 00:00:00,2026-07-21T18:16:39.190838+00:00,midday,102.0,72.19999694824219
boston,2026-07-21 00:00:00,2026-07-21T18:16:39.190838+00:00,midday,88.9000015258789,69.9000015258789
chicago,2026-07-21 00:00:00,2026-07-21T18:16:39.190838+00:00,midday,96.8000030517578,74.0
dallas,2026-07-21 00:00:00,2026-07-21T18:16:39.190838+00:00,midday,107.8000030517578,86.0999984741211
philadelphia,2026-07-21 00:00:00,2026-07-21T18:16:39.190838+00:00,midday,95.5999984741211,78.30000305175781
san_francisco,2026-07-21 00:00:00,2026-07-21T18:16:39.190838+00:00,midday,97.5999984741211,71.30000305175781
las_vegas,2026-07-21 00:00:00,2026-07-21T18:16:39.190838+00:00,midday,106.6999969482422,88.5
oklahoma_city,2026-07-21 00:00:00,2026-07-21T18:16:39.190838+00:00,midday,110.9000015258789,82.9000015258789
austin,2026-07-21 00:00:00,2026-07-21T18:16:39.190838+00:00,midday,105.3000030517578,80.0999984741211
san_antonio,2026-07-21 00:00:00,2026-07-21T18:16:39.190838+00:00,midday,105.3000030517578,82.80000305175781
phoenix,2026-07-21 00:00:00,2026-07-21T18:16:39.190838+00:00,midday,109.6999969482422,86.9000015258789
new_orleans,2026-07-21 00:00:00,2026-07-21T18:16:39.190838+00:00,midday,104.1999969482422,84.30000305175781
atlanta,2026-07-21 00:00:00,2026-07-21T18:16:39.190838+00:00,midday,101.0999984741211,79.9000015258789
washington_dc,2026-07-21 00:00:00,2026-07-21T18:16:39.190838+00:00,midday,99.6999969482422,80.4000015258789
seattle,2026-07-22 00:00:00,2026-07-22T15:03:37.896902+00:00,midday,98.4000015258789,71.0
los_angeles,2026-07-22 00:00:00,2026-07-22T15:03:37.896902+00:00,midday,88.9000015258789,74.80000305175781
miami,2026-07-22 00:00:00,2026-07-22T15:03:37.896902+00:00,midday,100.5,85.30000305175781
new_york,2026-07-22 00:00:00,2026-07-22T15:03:37.896902+00:00,midday,97.9000015258789,76.80000305175781
minneapolis,2026-07-22 00:00:00,2026-07-22T15:03:37.896902+00:00,midday,89.0,70.0999984741211
houston,2026-07-22 00:00:00,2026-07-22T15:03:37.896902+00:00,midday,108.4000015258789,86.80000305175781
denver,2026-07-22 00:00:00,2026-07-22T15:03:37.896902+00:00,midday,103.4000015258789,71.69999694824219
boston,2026-07-22 00:00:00,2026-07-22T15:03:37.896902+00:00,midday,92.0999984741211,74.0999984741211
chicago,2026-07-22 00:00:00,2026-07-22T15:03:37.896902+00:00,midday,85.9000015258789,70.9000015258789
dallas,2026-07-22 00:00:00,2026-07-22T15:03:37.896902+00:00,midday,109.1999969482422,88.0
philadelphia,2026-07-22 00:00:00,2026-07-22T15:03:37.896902+00:00,midday,94.0999984741211,77.5999984741211
san_francisco,2026-07-22 00:00:00,2026-07-22T15:03:37.896902+00:00,midday,81.19999694824219,68.4000015258789
las_vegas,2026-07-22 00:00:00,2026-07-22T15:03:37.896902+00:00,midday,112.1999969482422,90.4000015258789
oklahoma_city,2026-07-22 00:00:00,2026-07-22T15:03:37.896902+00:00,midday,106.1999969482422,80.5999984741211
austin,2026-07-22 00:00:00,2026-07-22T15:03:37.896902+00:00,midday,108.5,83.69999694824219
san_antonio,2026-07-22 00:00:00,2026-07-22T15:03:37.896902+00:00,midday,107.4000015258789,84.69999694824219
phoenix,2026-07-22 00:00:00,2026-07-22T15:03:37.896902+00:00,midday,113.5,89.4000015258789
new_orleans,2026-07-22 00:00:00,2026-07-22T15:03:37.896902+00:00,midday,97.0999984741211,81.30000305175781
atlanta,2026-07-22 00:00:00,2026-07-22T15:03:37.896902+00:00,midday,101.9000015258789,81.30000305175781
washington_dc,2026-07-22 00:00:00,2026-07-22T15:03:37.896902+00:00,midday,98.9000015258789,80.19999694824219
seattle,2026-07-22 00:00:00,2026-07-22T15:28:21.553820+00:00,midday,98.4000015258789,71.0
los_angeles,2026-07-22 00:00:00,2026-07-22T15:28:21.553820+00:00,midday,88.80000305175781,74.80000305175781
miami,2026-07-22 00:00:00,2026-07-22T15:28:21.553820+00:00,midday,100.5,85.30000305175781
new_york,2026-07-22 00:00:00,2026-07-22T15:28:21.553820+00:00,midday,97.9000015258789,76.80000305175781
minneapolis,2026-07-22 00:00:00,2026-07-22T15:28:21.553820+00:00,midday,89.0,70.0999984741211
houston,2026-07-22 00:00:00,2026-07-22T15:28:21.553820+00:00,midday,108.4000015258789,86.80000305175781
denver,2026-07-22 00:00:00,2026-07-22T15:28:21.553820+00:00,midday,103.4000015258789,71.69999694824219
boston,2026-07-22 00:00:00,2026-07-22T15:28:21.553820+00:00,midday,92.0999984741211,74.0999984741211
chicago,2026-07-22 00:00:00,2026-07-22T15:28:21.553820+00:00,midday,85.9000015258789,70.9000015258789
dallas,2026-07-22 00:00:00,2026-07-22T15:28:21.553820+00:00,midday,109.1999969482422,87.80000305175781
philadelphia,2026-07-22 00:00:00,2026-07-22T15:28:21.553820+00:00,midday,94.0999984741211,77.5999984741211
san_francisco,2026-07-22 00:00:00,2026-07-22T15:28:21.553820+00:00,midday,81.19999694824219,68.5999984741211
las_vegas,2026-07-22 00:00:00,2026-07-22T15:28:21.553820+00:00,midday,112.1999969482422,90.0999984741211
oklahoma_city,2026-07-22 00:00:00,2026-07-22T15:28:21.553820+00:00,midday,106.1999969482422,80.5
austin,2026-07-22 00:00:00,2026-07-22T15:28:21.553820+00:00,midday,108.5,83.5
san_antonio,2026-07-22 00:00:00,2026-07-22T15:28:21.553820+00:00,midday,107.4000015258789,84.5999984741211
phoenix,2026-07-22 00:00:00,2026-07-22T15:28:21.553820+00:00,midday,113.5,89.0999984741211
new_orleans,2026-07-22 00:00:00,2026-07-22T15:28:21.553820+00:00,midday,97.0999984741211,81.19999694824219
atlanta,2026-07-22 00:00:00,2026-07-22T15:28:21.553820+00:00,midday,101.9000015258789,81.19999694824219
washington_dc,2026-07-22 00:00:00,2026-07-22T15:28:21.553820+00:00,midday,98.9000015258789,80.19999694824219
seattle,2026-07-22 00:00:00,2026-07-22T17:05:28.681941+00:00,midday,97.8000030517578,71.19999694824219
los_angeles,2026-07-22 00:00:00,2026-07-22T17:05:28.681941+00:00,midday,87.9000015258789,74.9000015258789
miami,2026-07-22 00:00:00,2026-07-22T17:05:28.681941+00:00,midday,100.3000030517578,85.0999984741211
new_york,2026-07-22 00:00:00,2026-07-22T17:05:28.681941+00:00,midday,97.5999984741211,76.80000305175781
minneapolis,2026-07-22 00:00:00,2026-07-22T17:05:28.681941+00:00,midday,88.4000015258789,70.0999984741211
houston,2026-07-22 00:00:00,2026-07-22T17:05:28.681941+00:00,midday,108.4000015258789,86.9000015258789
denver,2026-07-22 00:00:00,2026-07-22T17:05:28.681941+00:00,midday,102.5999984741211,71.9000015258789
boston,2026-07-22 00:00:00,2026-07-22T17:05:28.681941+00:00,midday,92.6999969482422,74.0999984741211
chicago,2026-07-22 00:00:00,2026-07-22T17:05:28.681941+00:00,midday,86.19999694824219,71.0
dallas,2026-07-22 00:00:00,2026-07-22T17:05:28.681941+00:00,midday,109.1999969482422,88.0
philadelphia,2026-07-22 00:00:00,2026-07-22T17:05:28.681941+00:00,midday,93.8000030517578,76.69999694824219
san_francisco,2026-07-22 00:00:00,2026-07-22T17:05:28.681941+00:00,midday,81.9000015258789,67.5
las_vegas,2026-07-22 00:00:00,2026-07-22T17:05:28.681941+00:00,midday,112.1999969482422,90.4000015258789
oklahoma_city,2026-07-22 00:00:00,2026-07-22T17:05:28.681941+00:00,midday,105.3000030517578,80.5
austin,2026-07-22 00:00:00,2026-07-22T17:05:28.681941+00:00,midday,108.5,83.5
san_antonio,2026-07-22 00:00:00,2026-07-22T17:05:28.681941+00:00,midday,107.0,84.69999694824219
phoenix,2026-07-22 00:00:00,2026-07-22T17:05:28.681941+00:00,midday,112.0,88.69999694824219
new_orleans,2026-07-22 00:00:00,2026-07-22T17:05:28.681941+00:00,midday,98.9000015258789,81.5999984741211
atlanta,2026-07-22 00:00:00,2026-07-22T17:05:28.681941+00:00,midday,101.0999984741211,81.0999984741211
washington_dc,2026-07-22 00:00:00,2026-07-22T17:05:28.681941+00:00,midday,100.6999969482422,80.69999694824219
seattle,2026-07-22 00:00:00,2026-07-22T18:08:07.658721+00:00,midday,97.6999969482422,71.4000015258789
los_angeles,2026-07-22 00:00:00,2026-07-22T18:08:07.658721+00:00,midday,87.19999694824219,74.9000015258789
miami,2026-07-22 00:00:00,2026-07-22T18:08:07.658721+00:00,midday,100.0999984741211,84.5999984741211
new_york,2026-07-22 00:00:00,2026-07-22T18:08:07.658721+00:00,midday,98.0999984741211,77.19999694824219
minneapolis,2026-07-22 00:00:00,2026-07-22T18:08:07.658721+00:00,midday,87.5,70.0
houston,2026-07-22 00:00:00,2026-07-22T18:08:07.658721+00:00,midday,108.4000015258789,86.9000015258789
denver,2026-07-22 00:00:00,2026-07-22T18:08:07.658721+00:00,midday,102.5999984741211,71.80000305175781
boston,2026-07-22 00:00:00,2026-07-22T18:08:07.658721+00:00,midday,90.6999969482422,73.30000305175781
chicago,2026-07-22 00:00:00,2026-07-22T18:08:07.658721+00:00,midday,85.4000015258789,71.0
dallas,2026-07-22 00:00:00,2026-07-22T18:08:07.658721+00:00,midday,108.0999984741211,87.9000015258789
philadelphia,2026-07-22 00:00:00,2026-07-22T18:08:07.658721+00:00,midday,94.1999969482422,77.69999694824219
san_francisco,2026-07-22 00:00:00,2026-07-22T18:08:07.658721+00:00,midday,82.19999694824219,67.5
las_vegas,2026-07-22 00:00:00,2026-07-22T18:08:07.658721+00:00,midday,112.1999969482422,90.4000015258789
oklahoma_city,2026-07-22 00:00:00,2026-07-22T18:08:07.658721+00:00,midday,105.3000030517578,80.5
austin,2026-07-22 00:00:00,2026-07-22T18:08:07.658721+00:00,midday,108.5,83.5
san_antonio,2026-07-22 00:00:00,2026-07-22T18:08:07.658721+00:00,midday,107.0,84.69999694824219
phoenix,2026-07-22 00:00:00,2026-07-22T18:08:07.658721+00:00,midday,112.0,88.69999694824219
new_orleans,2026-07-22 00:00:00,2026-07-22T18:08:07.658721+00:00,midday,98.1999969482422,81.4000015258789
atlanta,2026-07-22 00:00:00,2026-07-22T18:08:07.658721+00:00,midday,101.0999984741211,81.0999984741211
washington_dc,2026-07-22 00:00:00,2026-07-22T18:08:07.658721+00:00,midday,100.9000015258789,80.9000015258789
seattle,2026-07-23 00:00:00,2026-07-23T15:08:39.213359+00:00,midday,86.80000305175781,68.9000015258789
los_angeles,2026-07-23 00:00:00,2026-07-23T15:08:39.213359+00:00,midday,91.6999969482422,73.5
miami,2026-07-23 00:00:00,2026-07-23T15:08:39.213359+00:00,midday,100.0,84.19999694824219
new_york,2026-07-23 00:00:00,2026-07-23T15:08:39.213359+00:00,midday,90.0999984741211,71.5999984741211
minneapolis,2026-07-23 00:00:00,2026-07-23T15:08:39.213359+00:00,midday,91.5,68.80000305175781
houston,2026-07-23 00:00:00,2026-07-23T15:08:39.213359+00:00,midday,100.9000015258789,84.0999984741211
denver,2026-07-23 00:00:00,2026-07-23T15:08:39.213359+00:00,midday,97.5999984741211,69.69999694824219
boston,2026-07-23 00:00:00,2026-07-23T15:08:39.213359+00:00,midday,88.80000305175781,68.69999694824219
chicago,2026-07-23 00:00:00,2026-07-23T15:08:39.213359+00:00,midday,88.0,69.5
dallas,2026-07-23 00:00:00,2026-07-23T15:08:39.213359+00:00,midday,103.3000030517578,84.5
philadelphia,2026-07-23 00:00:00,2026-07-23T15:08:39.213359+00:00,midday,90.0999984741211,73.5999984741211
san_francisco,2026-07-23 00:00:00,2026-07-23T15:08:39.213359+00:00,midday,79.4000015258789,67.30000305175781
las_vegas,2026-07-23 00:00:00,2026-07-23T15:08:39.213359+00:00,midday,114.5,91.1999969482422
oklahoma_city,2026-07-23 00:00:00,2026-07-23T15:08:39.213359+00:00,midday,105.5,77.5999984741211
austin,2026-07-23 00:00:00,2026-07-23T15:08:39.213359+00:00,midday,105.0999984741211,81.9000015258789
san_antonio,2026-07-23 00:00:00,2026-07-23T15:08:39.213359+00:00,midday,106.1999969482422,85.5
phoenix,2026-07-23 00:00:00,2026-07-23T15:08:39.213359+00:00,midday,116.6999969482422,92.3000030517578
new_orleans,2026-07-23 00:00:00,2026-07-23T15:08:39.213359+00:00,midday,99.9000015258789,81.30000305175781
atlanta,2026-07-23 00:00:00,2026-07-23T15:08:39.213359+00:00,midday,100.3000030517578,80.30000305175781
washington_dc,2026-07-23 00:00:00,2026-07-23T15:08:39.213359+00:00,midday,93.5999984741211,77.0
seattle,2026-07-23 00:00:00,2026-07-23T15:50:07.566698+00:00,midday,86.0999984741211,68.9000015258789
los_angeles,2026-07-23 00:00:00,2026-07-23T15:50:07.566698+00:00,midday,89.9000015258789,73.5
miami,2026-07-23 00:00:00,2026-07-23T15:50:07.566698+00:00,midday,100.0,84.19999694824219
new_york,2026-07-23 00:00:00,2026-07-23T15:50:07.566698+00:00,midday,89.5,71.5
minneapolis,2026-07-23 00:00:00,2026-07-23T15:50:07.566698+00:00,midday,91.5,68.5999984741211
houston,2026-07-23 00:00:00,2026-07-23T15:50:07.566698+00:00,midday,100.5,84.0
denver,2026-07-23 00:00:00,2026-07-23T15:50:07.566698+00:00,midday,96.0,69.4000015258789
boston,2026-07-23 00:00:00,2026-07-23T15:50:07.566698+00:00,midday,88.80000305175781,68.69999694824219
chicago,2026-07-23 00:00:00,2026-07-23T15:50:07.566698+00:00,midday,88.0,69.5
dallas,2026-07-23 00:00:00,2026-07-23T15:50:07.566698+00:00,midday,103.0999984741211,84.4000015258789
philadelphia,2026-07-23 00:00:00,2026-07-23T15:50:07.566698+00:00,midday,89.0999984741211,73.5
san_francisco,2026-07-23 00:00:00,2026-07-23T15:50:07.566698+00:00,midday,78.69999694824219,67.19999694824219
las_vegas,2026-07-23 00:00:00,2026-07-23T15:50:07.566698+00:00,midday,114.5,90.8000030517578
oklahoma_city,2026-07-23 00:00:00,2026-07-23T15:50:07.566698+00:00,midday,105.5,77.80000305175781
austin,2026-07-23 00:00:00,2026-07-23T15:50:07.566698+00:00,midday,104.6999969482422,81.80000305175781
san_antonio,2026-07-23 00:00:00,2026-07-23T15:50:07.566698+00:00,midday,106.1999969482422,85.30000305175781
phoenix,2026-07-23 00:00:00,2026-07-23T15:50:07.566698+00:00,midday,116.6999969482422,91.9000015258789
new_orleans,2026-07-23 00:00:00,2026-07-23T15:50:07.566698+00:00,midday,100.5,81.4000015258789
atlanta,2026-07-23 00:00:00,2026-07-23T15:50:07.566698+00:00,midday,100.0999984741211,80.30000305175781
washington_dc,2026-07-23 00:00:00,2026-07-23T15:50:07.566698+00:00,midday,94.0,77.0
seattle,2026-07-23 00:00:00,2026-07-23T17:08:05.791322+00:00,midday,86.9000015258789,68.9000015258789
los_angeles,2026-07-23 00:00:00,2026-07-23T17:08:05.791322+00:00,midday,90.1999969482422,73.5
miami,2026-07-23 00:00:00,2026-07-23T17:08:05.791322+00:00,midday,100.0,84.4000015258789
new_york,2026-07-23 00:00:00,2026-07-23T17:08:05.791322+00:00,midday,88.5999984741211,71.19999694824219
minneapolis,2026-07-23 00:00:00,2026-07-23T17:08:05.791322+00:00,midday,91.8000030517578,68.9000015258789
houston,2026-07-23 00:00:00,2026-07-23T17:08:05.791322+00:00,midday,101.3000030517578,84.19999694824219
denver,2026-07-23 00:00:00,2026-07-23T17:08:05.791322+00:00,midday,96.0,68.80000305175781
boston,2026-07-23 00:00:00,2026-07-23T17:08:05.791322+00:00,midday,88.30000305175781,68.69999694824219
chicago,2026-07-23 00:00:00,2026-07-23T17:08:05.791322+00:00,midday,88.19999694824219,69.5
dallas,2026-07-23 00:00:00,2026-07-23T17:08:05.791322+00:00,midday,103.0999984741211,84.9000015258789
philadelphia,2026-07-23 00:00:00,2026-07-23T17:08:05.791322+00:00,midday,89.0999984741211,73.5
san_francisco,2026-07-23 00:00:00,2026-07-23T17:08:05.791322+00:00,midday,78.80000305175781,67.80000305175781
las_vegas,2026-07-23 00:00:00,2026-07-23T17:08:05.791322+00:00,midday,114.5,91.1999969482422
oklahoma_city,2026-07-23 00:00:00,2026-07-23T17:08:05.791322+00:00,midday,105.0999984741211,78.19999694824219
austin,2026-07-23 00:00:00,2026-07-23T17:08:05.791322+00:00,midday,104.6999969482422,82.0
san_antonio,2026-07-23 00:00:00,2026-07-23T17:08:05.791322+00:00,midday,105.9000015258789,85.5
phoenix,2026-07-23 00:00:00,2026-07-23T17:08:05.791322+00:00,midday,116.6999969482422,92.3000030517578
new_orleans,2026-07-23 00:00:00,2026-07-23T17:08:05.791322+00:00,midday,100.5,81.4000015258789
atlanta,2026-07-23 00:00:00,2026-07-23T17:08:05.791322+00:00,midday,100.0999984741211,80.30000305175781
washington_dc,2026-07-23 00:00:00,2026-07-23T17:08:05.791322+00:00,midday,94.0,77.0999984741211
seattle,2026-07-23 00:00:00,2026-07-23T18:12:41.149785+00:00,midday,86.9000015258789,69.19999694824219
los_angeles,2026-07-23 00:00:00,2026-07-23T18:12:41.149785+00:00,midday,90.69999694824219,73.5
miami,2026-07-23 00:00:00,2026-07-23T18:12:41.149785+00:00,midday,100.0,84.4000015258789
new_york,2026-07-23 00:00:00,2026-07-23T18:12:41.149785+00:00,midday,88.5999984741211,71.0999984741211
minneapolis,2026-07-23 00:00:00,2026-07-23T18:12:41.149785+00:00,midday,91.80000305175781,68.9000015258789
houston,2026-07-23 00:00:00,2026-07-23T18:12:41.149785+00:00,midday,101.0,83.5999984741211
denver,2026-07-23 00:00:00,2026-07-23T18:12:41.149785+00:00,midday,96.9000015258789,69.5
boston,2026-07-23 00:00:00,2026-07-23T18:12:41.149785+00:00,midday,88.0,68.69999694824219
chicago,2026-07-23 00:00:00,2026-07-23T18:12:41.149785+00:00,midday,87.9000015258789,69.4000015258789
dallas,2026-07-23 00:00:00,2026-07-23T18:12:41.149785+00:00,midday,103.0999984741211,84.9000015258789
philadelphia,2026-07-23 00:00:00,2026-07-23T18:12:41.149785+00:00,midday,88.9000015258789,73.4000015258789
san_francisco,2026-07-23 00:00:00,2026-07-23T18:12:41.149785+00:00,midday,78.80000305175781,67.5
las_vegas,2026-07-23 00:00:00,2026-07-23T18:12:41.149785+00:00,midday,114.5,91.19999694824219
oklahoma_city,2026-07-23 00:00:00,2026-07-23T18:12:41.149785+00:00,midday,104.5999984741211,78.19999694824219
austin,2026-07-23 00:00:00,2026-07-23T18:12:41.149785+00:00,midday,104.69999694824219,82.0
san_antonio,2026-07-23 00:00:00,2026-07-23T18:12:41.149785+00:00,midday,105.4000015258789,85.4000015258789
phoenix,2026-07-23 00:00:00,2026-07-23T18:12:41.149785+00:00,midday,116.69999694824219,92.30000305175781
new_orleans,2026-07-23 00:00:00,2026-07-23T18:12:41.149785+00:00,midday,100.69999694824219,81.5
atlanta,2026-07-23 00:00:00,2026-07-23T18:12:41.149785+00:00,midday,100.0999984741211,80.30000305175781
washington_dc,2026-07-23 00:00:00,2026-07-23T18:12:41.149785+00:00,midday,94.0,77.0999984741211
