run_time,run_type,status,n_cities,duration_s,notes
2026-07-11T16:30:07.164120+00:00,morning,success,20,243.9,
2026-07-11T16:43:00.731631+00:00,midday,success,20,225.1,
2026-07-11T17:55:04.505312+00:00,midday,success,20,33.4,
2026-07-12T16:41:50.742657+00:00,midday,success,20,34.9,
2026-07-12T17:58:38.309648+00:00,midday,success,20,35.1,
2026-07-13T15:41:48.272070+00:00,midday,success,20,35.0,
2026-07-13T16:20:42.460983+00:00,midday,success,20,35.4,
2026-07-13T17:47:54.457213+00:00,midday,success,20,33.9,
2026-07-13T18:43:52.793048+00:00,midday,success,20,34.4,
2026-07-14T14:49:37.661666+00:00,morning,success,20,42.9,
2026-07-14T15:16:09.636610+00:00,midday,success,20,43.0,
2026-07-14T16:59:24.082639+00:00,midday,success,20,33.6,
2026-07-14T18:03:19.985226+00:00,midday,success,20,36.1,
2026-07-15T15:17:40.619258+00:00,midday,success,20,34.6,
2026-07-15T17:01:44.114345+00:00,midday,success,20,34.0,
2026-07-15T18:07:34.882138+00:00,midday,success,20,33.4,
2026-07-16T15:00:47.104762+00:00,midday,success,20,36.7,
2026-07-16T15:27:26.930986+00:00,midday,success,20,166.4,
2026-07-16T16:59:54.257402+00:00,midday,success,20,34.8,
2026-07-16T18:07:27.550829+00:00,midday,success,20,36.0,
2026-07-17T14:43:13.539446+00:00,morning,success,20,33.2,
2026-07-17T15:05:18.006566+00:00,midday,success,20,34.6,
2026-07-17T16:56:28.367779+00:00,midday,success,20,34.4,
2026-07-17T18:05:57.236798+00:00,midday,success,20,33.1,
2026-07-18T16:41:30.527773+00:00,midday,success,20,34.3,
2026-07-18T17:56:26.578198+00:00,midday,success,20,34.9,
2026-07-19T14:24:03.662297+00:00,morning,success,20,33.5,
2026-07-19T14:49:15.483659+00:00,morning,success,20,186.6,
2026-07-19T16:41:32.008905+00:00,midday,success,20,34.4,
2026-07-19T17:58:07.817617+00:00,midday,success,20,34.2,
2026-07-20T15:11:38.558607+00:00,midday,success,20,34.3,
2026-07-20T15:46:56.342775+00:00,midday,success,20,183.8,
2026-07-20T17:14:05.073008+00:00,midday,success,20,36.8,
2026-07-20T18:53:13.807837+00:00,midday,success,20,34.2,
2026-07-21T15:03:38.516817+00:00,midday,success,20,34.6,
2026-07-21T15:31:24.700669+00:00,midday,success,20,193.3,
2026-07-21T17:04:54.619449+00:00,midday,success,20,33.7,
2026-07-21T18:16:39.872703+00:00,midday,success,20,34.5,
2026-07-22T15:03:38.157421+00:00,midday,success,20,33.5,
2026-07-22T15:28:21.824380+00:00,midday,success,20,172.8,
2026-07-22T17:05:29.254931+00:00,midday,success,20,33.7,
2026-07-22T18:08:08.188012+00:00,midday,success,20,34.2,
2026-07-23T15:08:39.744621+00:00,midday,success,20,34.5,
2026-07-23T15:50:08.169856+00:00,midday,success,20,175.3,
2026-07-23T17:08:06.067445+00:00,midday,success,20,33.5,
2026-07-23T18:12:41.492448+00:00,midday,success,20,33.6,
2026-07-24T14:54:04.615741+00:00,morning,success,20,33.6,
2026-07-24T15:20:26.460984+00:00,midday,success,20,34.6,
2026-07-24T17:18:35.292613+00:00,midday,success,20,33.9,
2026-07-24T18:18:00.076526+00:00,midday,success,20,34.1,
2026-07-25T16:42:17.611156+00:00,midday,success,20,34.5,
2026-07-25T17:58:46.728877+00:00,midday,success,20,34.8,
2026-07-26T14:28:25.746018+00:00,morning,success,20,34.3,
2026-07-26T14:58:49.760496+00:00,morning,success,20,180.4,
2026-07-26T16:43:01.317756+00:00,midday,success,20,34.6,
2026-07-26T18:01:22.098742+00:00,midday,success,20,34.4,
2026-07-27T15:42:09.479415+00:00,midday,success,20,33.9,
2026-07-27T16:07:42.100765+00:00,midday,success,20,34.9,
2026-07-27T17:26:51.544177+00:00,midday,success,20,34.5,
2026-07-27T18:24:51.987739+00:00,midday,success,20,33.5,
2026-07-28T15:19:45.828035+00:00,midday,success,20,34.2,
2026-07-28T16:00:19.616635+00:00,midday,success,20,150.4,
2026-07-28T17:15:41.768831+00:00,midday,success,20,34.4,
2026-07-28T18:14:25.065030+00:00,midday,success,20,34.2,
2026-07-29T15:08:29.692290+00:00,midday,success,20,34.5,
2026-07-29T15:46:44.118235+00:00,midday,success,20,188.1,
2026-07-29T17:01:29.721246+00:00,midday,success,20,35.4,
2026-07-29T18:07:30.327197+00:00,midday,success,20,33.2,
2026-07-30T15:10:03.873112+00:00,midday,success,20,35.0,
2026-07-30T15:48:04.995632+00:00,midday,success,20,166.5,
2026-07-30T17:12:59.735133+00:00,midday,success,20,34.9,
2026-07-30T18:15:35.002402+00:00,midday,success,20,32.9,
2026-07-31T15:19:00.654294+00:00,midday,success,20,36.5,
2026-07-31T15:56:02.237729+00:00,midday,success,20,184.1,
2026-07-31T17:15:10.671972+00:00,midday,success,20,33.3,
2026-07-31T18:20:34.467591+00:00,midday,success,20,34.5,
2026-08-01T14:25:58.905886+00:00,morning,success,20,34.9,
2026-08-01T14:54:30.893002+00:00,morning,success,20,175.0,
2026-08-01T16:44:00.996205+00:00,midday,success,20,33.9,
2026-08-01T17:59:58.879277+00:00,midday,success,20,33.4,
2026-08-02T16:43:15.636290+00:00,midday,success,20,34.4,
2026-08-02T18:01:36.368859+00:00,midday,success,20,34.5,
2026-08-03T15:42:43.685245+00:00,midday,success,20,36.6,
2026-08-03T16:14:13.026305+00:00,midday,success,20,34.1,
2026-08-03T17:38:59.714163+00:00,midday,success,20,36.3,
2026-08-03T18:51:26.798834+00:00,midday,success,20,34.2,
2026-08-04T15:24:19.654829+00:00,midday,success,20,34.9,
2026-08-04T16:05:25.915702+00:00,midday,success,20,33.8,
2026-08-04T17:27:02.983497+00:00,midday,success,20,34.0,
2026-08-04T18:27:22.488736+00:00,midday,success,20,33.2,
2026-08-05T15:12:42.902216+00:00,midday,success,20,34.2,
2026-08-05T15:56:04.442362+00:00,midday,success,20,190.3,
2026-08-05T17:16:13.326838+00:00,midday,success,20,34.2,
2026-08-05T18:21:42.769637+00:00,midday,success,20,34.2,
2026-08-06T15:12:29.073628+00:00,midday,success,20,35.1,
2026-08-07T14:12:54.633247+00:00,morning,success,20,33.8,
